model_type,retrainer,exp_type,total_retrains,true_positives,false_positives,false_positive_rate,precision
lr,adwin_delta_0.01,adwin,1,1,0,0.0,1.0
lr,causal_tau_1_0.83_tau_2_0.72_lb_3,causal,18,2,16,0.8889,0.1111
lr,causal_tau_1_0.83_tau_2_0.72_lb_4,causal,19,2,17,0.8947,0.1053
lr,causal_tau_1_0.83_tau_2_0.72_lb_6,causal,18,2,16,0.8889,0.1111
lr,causal_tau_1_0.83_tau_2_0.75_lb_3,causal,18,2,16,0.8889,0.1111
lr,causal_tau_1_0.83_tau_2_0.75_lb_4,causal,19,2,17,0.8947,0.1053
lr,causal_tau_1_0.83_tau_2_0.75_lb_6,causal,18,2,16,0.8889,0.1111
lr,causal_tau_1_0.83_tau_2_0.78_lb_3,causal,18,2,16,0.8889,0.1111
lr,causal_tau_1_0.83_tau_2_0.78_lb_4,causal,19,2,17,0.8947,0.1053
lr,causal_tau_1_0.83_tau_2_0.78_lb_6,causal,18,2,16,0.8889,0.1111
lr,causal_tau_1_0.88_tau_2_0.72_lb_3,causal,19,2,17,0.8947,0.1053
lr,causal_tau_1_0.88_tau_2_0.72_lb_4,causal,19,2,17,0.8947,0.1053
lr,causal_tau_1_0.88_tau_2_0.72_lb_6,causal,18,2,16,0.8889,0.1111
lr,causal_tau_1_0.88_tau_2_0.75_lb_3,causal,19,2,17,0.8947,0.1053
lr,causal_tau_1_0.88_tau_2_0.75_lb_4,causal,19,2,17,0.8947,0.1053
lr,causal_tau_1_0.88_tau_2_0.75_lb_6,causal,18,2,16,0.8889,0.1111
lr,causal_tau_1_0.88_tau_2_0.78_lb_3,causal,19,2,17,0.8947,0.1053
lr,causal_tau_1_0.88_tau_2_0.78_lb_4,causal,19,2,17,0.8947,0.1053
lr,causal_tau_1_0.88_tau_2_0.78_lb_6,causal,18,2,16,0.8889,0.1111
lr,causal_tau_1_0.8_tau_2_0.72_lb_3,causal,16,2,14,0.875,0.125
lr,causal_tau_1_0.8_tau_2_0.72_lb_4,causal,19,2,17,0.8947,0.1053
lr,causal_tau_1_0.8_tau_2_0.72_lb_6,causal,18,2,16,0.8889,0.1111
lr,causal_tau_1_0.8_tau_2_0.75_lb_3,causal,16,2,14,0.875,0.125
lr,causal_tau_1_0.8_tau_2_0.75_lb_4,causal,19,2,17,0.8947,0.1053
lr,causal_tau_1_0.8_tau_2_0.75_lb_6,causal,18,2,16,0.8889,0.1111
lr,fixed_12,fixed,6,1,5,0.8333,0.1667
lr,fixed_3,fixed,27,3,24,0.8889,0.1111
lr,fixed_6,fixed,13,1,12,0.9231,0.0769
lr,fixed_9,fixed,9,2,7,0.7778,0.2222
lr,msm_tau_1_0.83_tau_2_0.72_lb_3,msm,18,2,16,0.8889,0.1111
lr,msm_tau_1_0.83_tau_2_0.72_lb_4,msm,19,2,17,0.8947,0.1053
lr,msm_tau_1_0.83_tau_2_0.72_lb_6,msm,18,2,16,0.8889,0.1111
lr,msm_tau_1_0.83_tau_2_0.75_lb_3,msm,18,2,16,0.8889,0.1111
lr,msm_tau_1_0.83_tau_2_0.75_lb_4,msm,19,2,17,0.8947,0.1053
lr,msm_tau_1_0.83_tau_2_0.75_lb_6,msm,18,2,16,0.8889,0.1111
lr,msm_tau_1_0.83_tau_2_0.78_lb_3,msm,18,2,16,0.8889,0.1111
lr,msm_tau_1_0.83_tau_2_0.78_lb_4,msm,19,2,17,0.8947,0.1053
lr,msm_tau_1_0.83_tau_2_0.78_lb_6,msm,18,2,16,0.8889,0.1111
lr,msm_tau_1_0.88_tau_2_0.72_lb_3,msm,19,2,17,0.8947,0.1053
lr,msm_tau_1_0.88_tau_2_0.72_lb_4,msm,19,2,17,0.8947,0.1053
lr,msm_tau_1_0.88_tau_2_0.72_lb_6,msm,18,2,16,0.8889,0.1111
lr,msm_tau_1_0.88_tau_2_0.75_lb_3,msm,19,2,17,0.8947,0.1053
lr,msm_tau_1_0.88_tau_2_0.75_lb_4,msm,19,2,17,0.8947,0.1053
lr,msm_tau_1_0.88_tau_2_0.75_lb_6,msm,18,2,16,0.8889,0.1111
lr,msm_tau_1_0.88_tau_2_0.78_lb_3,msm,19,2,17,0.8947,0.1053
lr,msm_tau_1_0.88_tau_2_0.78_lb_4,msm,19,2,17,0.8947,0.1053
lr,msm_tau_1_0.88_tau_2_0.78_lb_6,msm,18,2,16,0.8889,0.1111
lr,msm_tau_1_0.8_tau_2_0.72_lb_3,msm,16,2,14,0.875,0.125
lr,msm_tau_1_0.8_tau_2_0.72_lb_4,msm,19,2,17,0.8947,0.1053
lr,msm_tau_1_0.8_tau_2_0.72_lb_6,msm,18,2,16,0.8889,0.1111
lr,msm_tau_1_0.8_tau_2_0.75_lb_3,msm,16,2,14,0.875,0.125
lr,msm_tau_1_0.8_tau_2_0.75_lb_4,msm,19,2,17,0.8947,0.1053
lr,msm_tau_1_0.8_tau_2_0.75_lb_6,msm,18,2,16,0.8889,0.1111
lr,perf_drop_0.03_lookback_3,perf,16,1,15,0.9375,0.0625
lr,perf_drop_0.03_lookback_4,perf,16,2,14,0.875,0.125
lr,perf_drop_0.03_lookback_6,perf,13,2,11,0.8462,0.1538
lr,perf_drop_0.05_lookback_3,perf,17,2,15,0.8824,0.1176
lr,perf_drop_0.05_lookback_4,perf,14,2,12,0.8571,0.1429
lr,perf_drop_0.05_lookback_6,perf,11,2,9,0.8182,0.1818
lr,perf_drop_0.15_lookback_3,perf,11,1,10,0.9091,0.0909
lr,perf_drop_0.15_lookback_4,perf,5,0,5,1.0,0.0
lr,perf_drop_0.15_lookback_6,perf,2,0,2,1.0,0.0
lr,perf_drop_0.1_lookback_3,perf,15,1,14,0.9333,0.0667
lr,perf_drop_0.1_lookback_4,perf,9,1,8,0.8889,0.1111
lr,perf_drop_0.1_lookback_6,perf,5,1,4,0.8,0.2
lr,perf_drop_0.2_lookback_3,perf,3,0,3,1.0,0.0
lr,perf_drop_0.2_lookback_4,perf,2,0,2,1.0,0.0
lr,random,random,6,0,6,1.0,0.0
lr,spy_msm_tau_1_0.83_tau_2_0.72_lb_3,spy_msm,15,1,14,0.9333,0.0667
lr,spy_msm_tau_1_0.83_tau_2_0.72_lb_4,spy_msm,16,1,15,0.9375,0.0625
lr,spy_msm_tau_1_0.83_tau_2_0.72_lb_6,spy_msm,16,1,15,0.9375,0.0625
lr,spy_msm_tau_1_0.83_tau_2_0.75_lb_3,spy_msm,15,1,14,0.9333,0.0667
lr,spy_msm_tau_1_0.83_tau_2_0.75_lb_4,spy_msm,16,1,15,0.9375,0.0625
lr,spy_msm_tau_1_0.83_tau_2_0.75_lb_6,spy_msm,16,1,15,0.9375,0.0625
lr,spy_msm_tau_1_0.83_tau_2_0.78_lb_3,spy_msm,15,1,14,0.9333,0.0667
lr,spy_msm_tau_1_0.83_tau_2_0.78_lb_4,spy_msm,16,1,15,0.9375,0.0625
lr,spy_msm_tau_1_0.83_tau_2_0.78_lb_6,spy_msm,16,1,15,0.9375,0.0625
lr,spy_msm_tau_1_0.88_tau_2_0.72_lb_3,spy_msm,15,1,14,0.9333,0.0667
lr,spy_msm_tau_1_0.88_tau_2_0.72_lb_4,spy_msm,17,1,16,0.9412,0.0588
lr,spy_msm_tau_1_0.88_tau_2_0.72_lb_6,spy_msm,17,1,16,0.9412,0.0588
lr,spy_msm_tau_1_0.88_tau_2_0.75_lb_3,spy_msm,15,1,14,0.9333,0.0667
lr,spy_msm_tau_1_0.88_tau_2_0.75_lb_4,spy_msm,17,1,16,0.9412,0.0588
lr,spy_msm_tau_1_0.88_tau_2_0.75_lb_6,spy_msm,17,1,16,0.9412,0.0588
lr,spy_msm_tau_1_0.88_tau_2_0.78_lb_3,spy_msm,16,1,15,0.9375,0.0625
lr,spy_msm_tau_1_0.88_tau_2_0.78_lb_4,spy_msm,17,1,16,0.9412,0.0588
lr,spy_msm_tau_1_0.88_tau_2_0.78_lb_6,spy_msm,17,1,16,0.9412,0.0588
lr,spy_msm_tau_1_0.8_tau_2_0.72_lb_3,spy_msm,15,1,14,0.9333,0.0667
lr,spy_msm_tau_1_0.8_tau_2_0.72_lb_4,spy_msm,16,1,15,0.9375,0.0625
lr,spy_msm_tau_1_0.8_tau_2_0.72_lb_6,spy_msm,16,1,15,0.9375,0.0625
lr,spy_msm_tau_1_0.8_tau_2_0.75_lb_3,spy_msm,15,1,14,0.9333,0.0667
lr,spy_msm_tau_1_0.8_tau_2_0.75_lb_4,spy_msm,16,1,15,0.9375,0.0625
lr,spy_msm_tau_1_0.8_tau_2_0.75_lb_6,spy_msm,16,1,15,0.9375,0.0625
lr,timeout_msm_tau_1_0.83_tau_2_0.72_lb_3,timeout_msm,18,2,16,0.8889,0.1111
lr,timeout_msm_tau_1_0.83_tau_2_0.72_lb_4,timeout_msm,19,2,17,0.8947,0.1053
lr,timeout_msm_tau_1_0.83_tau_2_0.72_lb_6,timeout_msm,19,2,17,0.8947,0.1053
lr,timeout_msm_tau_1_0.83_tau_2_0.75_lb_3,timeout_msm,18,2,16,0.8889,0.1111
lr,timeout_msm_tau_1_0.83_tau_2_0.75_lb_4,timeout_msm,19,2,17,0.8947,0.1053
lr,timeout_msm_tau_1_0.83_tau_2_0.75_lb_6,timeout_msm,19,2,17,0.8947,0.1053
lr,timeout_msm_tau_1_0.83_tau_2_0.78_lb_3,timeout_msm,18,2,16,0.8889,0.1111
lr,timeout_msm_tau_1_0.83_tau_2_0.78_lb_4,timeout_msm,19,2,17,0.8947,0.1053
lr,timeout_msm_tau_1_0.83_tau_2_0.78_lb_6,timeout_msm,19,2,17,0.8947,0.1053
lr,timeout_msm_tau_1_0.88_tau_2_0.72_lb_3,timeout_msm,19,2,17,0.8947,0.1053
lr,timeout_msm_tau_1_0.88_tau_2_0.72_lb_4,timeout_msm,19,2,17,0.8947,0.1053
lr,timeout_msm_tau_1_0.88_tau_2_0.72_lb_6,timeout_msm,19,2,17,0.8947,0.1053
lr,timeout_msm_tau_1_0.88_tau_2_0.75_lb_3,timeout_msm,19,2,17,0.8947,0.1053
lr,timeout_msm_tau_1_0.88_tau_2_0.75_lb_4,timeout_msm,20,2,18,0.9,0.1
lr,timeout_msm_tau_1_0.88_tau_2_0.75_lb_6,timeout_msm,19,2,17,0.8947,0.1053
lr,timeout_msm_tau_1_0.88_tau_2_0.78_lb_3,timeout_msm,19,2,17,0.8947,0.1053
lr,timeout_msm_tau_1_0.88_tau_2_0.78_lb_4,timeout_msm,20,2,18,0.9,0.1
lr,timeout_msm_tau_1_0.88_tau_2_0.78_lb_6,timeout_msm,19,2,17,0.8947,0.1053
lr,timeout_msm_tau_1_0.8_tau_2_0.72_lb_3,timeout_msm,16,2,14,0.875,0.125
lr,timeout_msm_tau_1_0.8_tau_2_0.72_lb_4,timeout_msm,19,2,17,0.8947,0.1053
lr,timeout_msm_tau_1_0.8_tau_2_0.72_lb_6,timeout_msm,19,2,17,0.8947,0.1053
lr,timeout_msm_tau_1_0.8_tau_2_0.75_lb_3,timeout_msm,16,2,14,0.875,0.125
lr,timeout_msm_tau_1_0.8_tau_2_0.75_lb_4,timeout_msm,19,2,17,0.8947,0.1053
lr,timeout_msm_tau_1_0.8_tau_2_0.75_lb_6,timeout_msm,19,2,17,0.8947,0.1053
rf,causal_tau_1_0.83_tau_2_0.72_lb_3,causal,18,2,16,0.8889,0.1111
rf,causal_tau_1_0.83_tau_2_0.72_lb_4,causal,19,2,17,0.8947,0.1053
rf,causal_tau_1_0.83_tau_2_0.72_lb_6,causal,18,2,16,0.8889,0.1111
rf,causal_tau_1_0.83_tau_2_0.75_lb_3,causal,18,2,16,0.8889,0.1111
rf,causal_tau_1_0.83_tau_2_0.75_lb_4,causal,19,2,17,0.8947,0.1053
rf,causal_tau_1_0.83_tau_2_0.75_lb_6,causal,18,2,16,0.8889,0.1111
rf,causal_tau_1_0.83_tau_2_0.78_lb_3,causal,18,2,16,0.8889,0.1111
rf,causal_tau_1_0.83_tau_2_0.78_lb_4,causal,19,2,17,0.8947,0.1053
rf,causal_tau_1_0.83_tau_2_0.78_lb_6,causal,18,2,16,0.8889,0.1111
rf,causal_tau_1_0.88_tau_2_0.72_lb_3,causal,19,2,17,0.8947,0.1053
rf,causal_tau_1_0.88_tau_2_0.72_lb_4,causal,19,2,17,0.8947,0.1053
rf,causal_tau_1_0.88_tau_2_0.72_lb_6,causal,18,2,16,0.8889,0.1111
rf,causal_tau_1_0.88_tau_2_0.75_lb_3,causal,19,2,17,0.8947,0.1053
rf,causal_tau_1_0.88_tau_2_0.75_lb_4,causal,19,2,17,0.8947,0.1053
rf,causal_tau_1_0.88_tau_2_0.75_lb_6,causal,18,2,16,0.8889,0.1111
rf,causal_tau_1_0.88_tau_2_0.78_lb_3,causal,19,2,17,0.8947,0.1053
rf,causal_tau_1_0.88_tau_2_0.78_lb_4,causal,19,2,17,0.8947,0.1053
rf,causal_tau_1_0.88_tau_2_0.78_lb_6,causal,18,2,16,0.8889,0.1111
rf,causal_tau_1_0.8_tau_2_0.72_lb_3,causal,16,2,14,0.875,0.125
rf,causal_tau_1_0.8_tau_2_0.72_lb_4,causal,19,2,17,0.8947,0.1053
rf,causal_tau_1_0.8_tau_2_0.72_lb_6,causal,18,2,16,0.8889,0.1111
rf,causal_tau_1_0.8_tau_2_0.75_lb_3,causal,16,2,14,0.875,0.125
rf,causal_tau_1_0.8_tau_2_0.75_lb_4,causal,19,2,17,0.8947,0.1053
rf,causal_tau_1_0.8_tau_2_0.75_lb_6,causal,18,2,16,0.8889,0.1111
rf,fixed_12,fixed,6,1,5,0.8333,0.1667
rf,fixed_3,fixed,27,3,24,0.8889,0.1111
rf,fixed_6,fixed,13,1,12,0.9231,0.0769
rf,fixed_9,fixed,9,2,7,0.7778,0.2222
rf,msm_tau_1_0.83_tau_2_0.72_lb_3,msm,18,2,16,0.8889,0.1111
rf,msm_tau_1_0.83_tau_2_0.72_lb_4,msm,19,2,17,0.8947,0.1053
rf,msm_tau_1_0.83_tau_2_0.72_lb_6,msm,18,2,16,0.8889,0.1111
rf,msm_tau_1_0.83_tau_2_0.75_lb_3,msm,18,2,16,0.8889,0.1111
rf,msm_tau_1_0.83_tau_2_0.75_lb_4,msm,19,2,17,0.8947,0.1053
rf,msm_tau_1_0.83_tau_2_0.75_lb_6,msm,18,2,16,0.8889,0.1111
rf,msm_tau_1_0.83_tau_2_0.78_lb_3,msm,18,2,16,0.8889,0.1111
rf,msm_tau_1_0.83_tau_2_0.78_lb_4,msm,19,2,17,0.8947,0.1053
rf,msm_tau_1_0.83_tau_2_0.78_lb_6,msm,18,2,16,0.8889,0.1111
rf,msm_tau_1_0.88_tau_2_0.72_lb_3,msm,19,2,17,0.8947,0.1053
rf,msm_tau_1_0.88_tau_2_0.72_lb_4,msm,19,2,17,0.8947,0.1053
rf,msm_tau_1_0.88_tau_2_0.72_lb_6,msm,18,2,16,0.8889,0.1111
rf,msm_tau_1_0.88_tau_2_0.75_lb_3,msm,19,2,17,0.8947,0.1053
rf,msm_tau_1_0.88_tau_2_0.75_lb_4,msm,19,2,17,0.8947,0.1053
rf,msm_tau_1_0.88_tau_2_0.75_lb_6,msm,18,2,16,0.8889,0.1111
rf,msm_tau_1_0.88_tau_2_0.78_lb_3,msm,19,2,17,0.8947,0.1053
rf,msm_tau_1_0.88_tau_2_0.78_lb_4,msm,19,2,17,0.8947,0.1053
rf,msm_tau_1_0.88_tau_2_0.78_lb_6,msm,18,2,16,0.8889,0.1111
rf,msm_tau_1_0.8_tau_2_0.72_lb_3,msm,16,2,14,0.875,0.125
rf,msm_tau_1_0.8_tau_2_0.72_lb_4,msm,19,2,17,0.8947,0.1053
rf,msm_tau_1_0.8_tau_2_0.72_lb_6,msm,18,2,16,0.8889,0.1111
rf,msm_tau_1_0.8_tau_2_0.75_lb_3,msm,16,2,14,0.875,0.125
rf,msm_tau_1_0.8_tau_2_0.75_lb_4,msm,19,2,17,0.8947,0.1053
rf,msm_tau_1_0.8_tau_2_0.75_lb_6,msm,18,2,16,0.8889,0.1111
rf,perf_drop_0.03_lookback_3,perf,20,3,17,0.85,0.15
rf,perf_drop_0.03_lookback_4,perf,15,2,13,0.8667,0.1333
rf,perf_drop_0.03_lookback_6,perf,16,1,15,0.9375,0.0625
rf,perf_drop_0.05_lookback_3,perf,16,2,14,0.875,0.125
rf,perf_drop_0.05_lookback_4,perf,14,3,11,0.7857,0.2143
rf,perf_drop_0.05_lookback_6,perf,13,1,12,0.9231,0.0769
rf,perf_drop_0.15_lookback_3,perf,7,2,5,0.7143,0.2857
rf,perf_drop_0.1_lookback_3,perf,11,2,9,0.8182,0.1818
rf,perf_drop_0.1_lookback_4,perf,6,0,6,1.0,0.0
rf,perf_drop_0.1_lookback_6,perf,2,0,2,1.0,0.0
rf,random,random,6,0,6,1.0,0.0
rf,spy_msm_tau_1_0.83_tau_2_0.72_lb_3,spy_msm,15,1,14,0.9333,0.0667
rf,spy_msm_tau_1_0.83_tau_2_0.72_lb_4,spy_msm,16,1,15,0.9375,0.0625
rf,spy_msm_tau_1_0.83_tau_2_0.72_lb_6,spy_msm,16,1,15,0.9375,0.0625
rf,spy_msm_tau_1_0.83_tau_2_0.75_lb_3,spy_msm,15,1,14,0.9333,0.0667
rf,spy_msm_tau_1_0.83_tau_2_0.75_lb_4,spy_msm,16,1,15,0.9375,0.0625
rf,spy_msm_tau_1_0.83_tau_2_0.75_lb_6,spy_msm,16,1,15,0.9375,0.0625
rf,spy_msm_tau_1_0.83_tau_2_0.78_lb_3,spy_msm,15,1,14,0.9333,0.0667
rf,spy_msm_tau_1_0.83_tau_2_0.78_lb_4,spy_msm,16,1,15,0.9375,0.0625
rf,spy_msm_tau_1_0.83_tau_2_0.78_lb_6,spy_msm,16,1,15,0.9375,0.0625
rf,spy_msm_tau_1_0.88_tau_2_0.72_lb_3,spy_msm,15,1,14,0.9333,0.0667
rf,spy_msm_tau_1_0.88_tau_2_0.72_lb_4,spy_msm,17,1,16,0.9412,0.0588
rf,spy_msm_tau_1_0.88_tau_2_0.72_lb_6,spy_msm,17,1,16,0.9412,0.0588
rf,spy_msm_tau_1_0.88_tau_2_0.75_lb_3,spy_msm,15,1,14,0.9333,0.0667
rf,spy_msm_tau_1_0.88_tau_2_0.75_lb_4,spy_msm,17,1,16,0.9412,0.0588
rf,spy_msm_tau_1_0.88_tau_2_0.75_lb_6,spy_msm,17,1,16,0.9412,0.0588
rf,spy_msm_tau_1_0.88_tau_2_0.78_lb_3,spy_msm,16,1,15,0.9375,0.0625
rf,spy_msm_tau_1_0.88_tau_2_0.78_lb_4,spy_msm,17,1,16,0.9412,0.0588
rf,spy_msm_tau_1_0.88_tau_2_0.78_lb_6,spy_msm,17,1,16,0.9412,0.0588
rf,spy_msm_tau_1_0.8_tau_2_0.72_lb_3,spy_msm,15,1,14,0.9333,0.0667
rf,spy_msm_tau_1_0.8_tau_2_0.72_lb_4,spy_msm,16,1,15,0.9375,0.0625
rf,spy_msm_tau_1_0.8_tau_2_0.72_lb_6,spy_msm,16,1,15,0.9375,0.0625
rf,spy_msm_tau_1_0.8_tau_2_0.75_lb_3,spy_msm,15,1,14,0.9333,0.0667
rf,spy_msm_tau_1_0.8_tau_2_0.75_lb_4,spy_msm,16,1,15,0.9375,0.0625
rf,spy_msm_tau_1_0.8_tau_2_0.75_lb_6,spy_msm,16,1,15,0.9375,0.0625
rf,timeout_msm_tau_1_0.83_tau_2_0.72_lb_3,timeout_msm,18,2,16,0.8889,0.1111
rf,timeout_msm_tau_1_0.83_tau_2_0.72_lb_4,timeout_msm,19,2,17,0.8947,0.1053
rf,timeout_msm_tau_1_0.83_tau_2_0.72_lb_6,timeout_msm,19,2,17,0.8947,0.1053
rf,timeout_msm_tau_1_0.83_tau_2_0.75_lb_3,timeout_msm,18,2,16,0.8889,0.1111
rf,timeout_msm_tau_1_0.83_tau_2_0.75_lb_4,timeout_msm,19,2,17,0.8947,0.1053
rf,timeout_msm_tau_1_0.83_tau_2_0.75_lb_6,timeout_msm,19,2,17,0.8947,0.1053
rf,timeout_msm_tau_1_0.83_tau_2_0.78_lb_3,timeout_msm,18,2,16,0.8889,0.1111
rf,timeout_msm_tau_1_0.83_tau_2_0.78_lb_4,timeout_msm,19,2,17,0.8947,0.1053
rf,timeout_msm_tau_1_0.83_tau_2_0.78_lb_6,timeout_msm,19,2,17,0.8947,0.1053
rf,timeout_msm_tau_1_0.88_tau_2_0.72_lb_3,timeout_msm,19,2,17,0.8947,0.1053
rf,timeout_msm_tau_1_0.88_tau_2_0.72_lb_4,timeout_msm,19,2,17,0.8947,0.1053
rf,timeout_msm_tau_1_0.88_tau_2_0.72_lb_6,timeout_msm,19,2,17,0.8947,0.1053
rf,timeout_msm_tau_1_0.88_tau_2_0.75_lb_3,timeout_msm,19,2,17,0.8947,0.1053
rf,timeout_msm_tau_1_0.88_tau_2_0.75_lb_4,timeout_msm,20,2,18,0.9,0.1
rf,timeout_msm_tau_1_0.88_tau_2_0.75_lb_6,timeout_msm,19,2,17,0.8947,0.1053
rf,timeout_msm_tau_1_0.88_tau_2_0.78_lb_3,timeout_msm,19,2,17,0.8947,0.1053
rf,timeout_msm_tau_1_0.88_tau_2_0.78_lb_4,timeout_msm,20,2,18,0.9,0.1
rf,timeout_msm_tau_1_0.88_tau_2_0.78_lb_6,timeout_msm,19,2,17,0.8947,0.1053
rf,timeout_msm_tau_1_0.8_tau_2_0.72_lb_3,timeout_msm,16,2,14,0.875,0.125
rf,timeout_msm_tau_1_0.8_tau_2_0.72_lb_4,timeout_msm,19,2,17,0.8947,0.1053
rf,timeout_msm_tau_1_0.8_tau_2_0.72_lb_6,timeout_msm,19,2,17,0.8947,0.1053
rf,timeout_msm_tau_1_0.8_tau_2_0.75_lb_3,timeout_msm,16,2,14,0.875,0.125
rf,timeout_msm_tau_1_0.8_tau_2_0.75_lb_4,timeout_msm,19,2,17,0.8947,0.1053
rf,timeout_msm_tau_1_0.8_tau_2_0.75_lb_6,timeout_msm,19,2,17,0.8947,0.1053
xgboost,causal_tau_1_0.83_tau_2_0.72_lb_3,causal,18,2,16,0.8889,0.1111
xgboost,causal_tau_1_0.83_tau_2_0.72_lb_4,causal,19,2,17,0.8947,0.1053
xgboost,causal_tau_1_0.83_tau_2_0.72_lb_6,causal,18,2,16,0.8889,0.1111
xgboost,causal_tau_1_0.83_tau_2_0.75_lb_3,causal,18,2,16,0.8889,0.1111
xgboost,causal_tau_1_0.83_tau_2_0.75_lb_4,causal,19,2,17,0.8947,0.1053
xgboost,causal_tau_1_0.83_tau_2_0.75_lb_6,causal,18,2,16,0.8889,0.1111
xgboost,causal_tau_1_0.83_tau_2_0.78_lb_3,causal,18,2,16,0.8889,0.1111
xgboost,causal_tau_1_0.83_tau_2_0.78_lb_4,causal,19,2,17,0.8947,0.1053
xgboost,causal_tau_1_0.83_tau_2_0.78_lb_6,causal,18,2,16,0.8889,0.1111
xgboost,causal_tau_1_0.88_tau_2_0.72_lb_3,causal,19,2,17,0.8947,0.1053
xgboost,causal_tau_1_0.88_tau_2_0.72_lb_4,causal,19,2,17,0.8947,0.1053
xgboost,causal_tau_1_0.88_tau_2_0.72_lb_6,causal,18,2,16,0.8889,0.1111
xgboost,causal_tau_1_0.88_tau_2_0.75_lb_3,causal,19,2,17,0.8947,0.1053
xgboost,causal_tau_1_0.88_tau_2_0.75_lb_4,causal,19,2,17,0.8947,0.1053
xgboost,causal_tau_1_0.88_tau_2_0.75_lb_6,causal,18,2,16,0.8889,0.1111
xgboost,causal_tau_1_0.88_tau_2_0.78_lb_3,causal,19,2,17,0.8947,0.1053
xgboost,causal_tau_1_0.88_tau_2_0.78_lb_4,causal,19,2,17,0.8947,0.1053
xgboost,causal_tau_1_0.88_tau_2_0.78_lb_6,causal,18,2,16,0.8889,0.1111
xgboost,causal_tau_1_0.8_tau_2_0.72_lb_3,causal,16,2,14,0.875,0.125
xgboost,causal_tau_1_0.8_tau_2_0.72_lb_4,causal,19,2,17,0.8947,0.1053
xgboost,causal_tau_1_0.8_tau_2_0.72_lb_6,causal,18,2,16,0.8889,0.1111
xgboost,causal_tau_1_0.8_tau_2_0.75_lb_3,causal,16,2,14,0.875,0.125
xgboost,causal_tau_1_0.8_tau_2_0.75_lb_4,causal,19,2,17,0.8947,0.1053
xgboost,causal_tau_1_0.8_tau_2_0.75_lb_6,causal,18,2,16,0.8889,0.1111
xgboost,fixed_12,fixed,6,1,5,0.8333,0.1667
xgboost,fixed_3,fixed,27,3,24,0.8889,0.1111
xgboost,fixed_6,fixed,13,1,12,0.9231,0.0769
xgboost,fixed_9,fixed,9,2,7,0.7778,0.2222
xgboost,msm_tau_1_0.83_tau_2_0.72_lb_3,msm,18,2,16,0.8889,0.1111
xgboost,msm_tau_1_0.83_tau_2_0.72_lb_4,msm,19,2,17,0.8947,0.1053
xgboost,msm_tau_1_0.83_tau_2_0.72_lb_6,msm,18,2,16,0.8889,0.1111
xgboost,msm_tau_1_0.83_tau_2_0.75_lb_3,msm,18,2,16,0.8889,0.1111
xgboost,msm_tau_1_0.83_tau_2_0.75_lb_4,msm,19,2,17,0.8947,0.1053
xgboost,msm_tau_1_0.83_tau_2_0.75_lb_6,msm,18,2,16,0.8889,0.1111
xgboost,msm_tau_1_0.83_tau_2_0.78_lb_3,msm,18,2,16,0.8889,0.1111
xgboost,msm_tau_1_0.83_tau_2_0.78_lb_4,msm,19,2,17,0.8947,0.1053
xgboost,msm_tau_1_0.83_tau_2_0.78_lb_6,msm,18,2,16,0.8889,0.1111
xgboost,msm_tau_1_0.88_tau_2_0.72_lb_3,msm,19,2,17,0.8947,0.1053
xgboost,msm_tau_1_0.88_tau_2_0.72_lb_4,msm,19,2,17,0.8947,0.1053
xgboost,msm_tau_1_0.88_tau_2_0.72_lb_6,msm,18,2,16,0.8889,0.1111
xgboost,msm_tau_1_0.88_tau_2_0.75_lb_3,msm,19,2,17,0.8947,0.1053
xgboost,msm_tau_1_0.88_tau_2_0.75_lb_4,msm,19,2,17,0.8947,0.1053
xgboost,msm_tau_1_0.88_tau_2_0.75_lb_6,msm,18,2,16,0.8889,0.1111
xgboost,msm_tau_1_0.88_tau_2_0.78_lb_3,msm,19,2,17,0.8947,0.1053
xgboost,msm_tau_1_0.88_tau_2_0.78_lb_4,msm,19,2,17,0.8947,0.1053
xgboost,msm_tau_1_0.88_tau_2_0.78_lb_6,msm,18,2,16,0.8889,0.1111
xgboost,msm_tau_1_0.8_tau_2_0.72_lb_3,msm,16,2,14,0.875,0.125
xgboost,msm_tau_1_0.8_tau_2_0.72_lb_4,msm,19,2,17,0.8947,0.1053
xgboost,msm_tau_1_0.8_tau_2_0.72_lb_6,msm,18,2,16,0.8889,0.1111
xgboost,msm_tau_1_0.8_tau_2_0.75_lb_3,msm,16,2,14,0.875,0.125
xgboost,msm_tau_1_0.8_tau_2_0.75_lb_4,msm,19,2,17,0.8947,0.1053
xgboost,msm_tau_1_0.8_tau_2_0.75_lb_6,msm,18,2,16,0.8889,0.1111
xgboost,perf_drop_0.03_lookback_3,perf,20,2,18,0.9,0.1
xgboost,perf_drop_0.03_lookback_4,perf,16,2,14,0.875,0.125
xgboost,perf_drop_0.03_lookback_6,perf,15,2,13,0.8667,0.1333
xgboost,perf_drop_0.05_lookback_3,perf,17,2,15,0.8824,0.1176
xgboost,perf_drop_0.05_lookback_4,perf,17,2,15,0.8824,0.1176
xgboost,perf_drop_0.05_lookback_6,perf,11,1,10,0.9091,0.0909
xgboost,perf_drop_0.15_lookback_3,perf,8,1,7,0.875,0.125
xgboost,perf_drop_0.15_lookback_4,perf,7,0,7,1.0,0.0
xgboost,perf_drop_0.15_lookback_6,perf,4,1,3,0.75,0.25
xgboost,perf_drop_0.1_lookback_3,perf,12,1,11,0.9167,0.0833
xgboost,perf_drop_0.1_lookback_4,perf,9,1,8,0.8889,0.1111
xgboost,perf_drop_0.1_lookback_6,perf,9,1,8,0.8889,0.1111
xgboost,perf_drop_0.2_lookback_3,perf,2,0,2,1.0,0.0
xgboost,random,random,6,0,6,1.0,0.0
xgboost,spy_msm_tau_1_0.83_tau_2_0.72_lb_3,spy_msm,15,1,14,0.9333,0.0667
xgboost,spy_msm_tau_1_0.83_tau_2_0.72_lb_4,spy_msm,16,1,15,0.9375,0.0625
xgboost,spy_msm_tau_1_0.83_tau_2_0.72_lb_6,spy_msm,16,1,15,0.9375,0.0625
xgboost,spy_msm_tau_1_0.83_tau_2_0.75_lb_3,spy_msm,15,1,14,0.9333,0.0667
xgboost,spy_msm_tau_1_0.83_tau_2_0.75_lb_4,spy_msm,16,1,15,0.9375,0.0625
xgboost,spy_msm_tau_1_0.83_tau_2_0.75_lb_6,spy_msm,16,1,15,0.9375,0.0625
xgboost,spy_msm_tau_1_0.83_tau_2_0.78_lb_3,spy_msm,15,1,14,0.9333,0.0667
xgboost,spy_msm_tau_1_0.83_tau_2_0.78_lb_4,spy_msm,16,1,15,0.9375,0.0625
xgboost,spy_msm_tau_1_0.83_tau_2_0.78_lb_6,spy_msm,16,1,15,0.9375,0.0625
xgboost,spy_msm_tau_1_0.88_tau_2_0.72_lb_3,spy_msm,15,1,14,0.9333,0.0667
xgboost,spy_msm_tau_1_0.88_tau_2_0.72_lb_4,spy_msm,17,1,16,0.9412,0.0588
xgboost,spy_msm_tau_1_0.88_tau_2_0.72_lb_6,spy_msm,17,1,16,0.9412,0.0588
xgboost,spy_msm_tau_1_0.88_tau_2_0.75_lb_3,spy_msm,15,1,14,0.9333,0.0667
xgboost,spy_msm_tau_1_0.88_tau_2_0.75_lb_4,spy_msm,17,1,16,0.9412,0.0588
xgboost,spy_msm_tau_1_0.88_tau_2_0.75_lb_6,spy_msm,17,1,16,0.9412,0.0588
xgboost,spy_msm_tau_1_0.88_tau_2_0.78_lb_3,spy_msm,16,1,15,0.9375,0.0625
xgboost,spy_msm_tau_1_0.88_tau_2_0.78_lb_4,spy_msm,17,1,16,0.9412,0.0588
xgboost,spy_msm_tau_1_0.88_tau_2_0.78_lb_6,spy_msm,17,1,16,0.9412,0.0588
xgboost,spy_msm_tau_1_0.8_tau_2_0.72_lb_3,spy_msm,15,1,14,0.9333,0.0667
xgboost,spy_msm_tau_1_0.8_tau_2_0.72_lb_4,spy_msm,16,1,15,0.9375,0.0625
xgboost,spy_msm_tau_1_0.8_tau_2_0.72_lb_6,spy_msm,16,1,15,0.9375,0.0625
xgboost,spy_msm_tau_1_0.8_tau_2_0.75_lb_3,spy_msm,15,1,14,0.9333,0.0667
xgboost,spy_msm_tau_1_0.8_tau_2_0.75_lb_4,spy_msm,16,1,15,0.9375,0.0625
xgboost,spy_msm_tau_1_0.8_tau_2_0.75_lb_6,spy_msm,16,1,15,0.9375,0.0625
xgboost,timeout_msm_tau_1_0.83_tau_2_0.72_lb_3,timeout_msm,18,2,16,0.8889,0.1111
xgboost,timeout_msm_tau_1_0.83_tau_2_0.72_lb_4,timeout_msm,19,2,17,0.8947,0.1053
xgboost,timeout_msm_tau_1_0.83_tau_2_0.72_lb_6,timeout_msm,19,2,17,0.8947,0.1053
xgboost,timeout_msm_tau_1_0.83_tau_2_0.75_lb_3,timeout_msm,18,2,16,0.8889,0.1111
xgboost,timeout_msm_tau_1_0.83_tau_2_0.75_lb_4,timeout_msm,19,2,17,0.8947,0.1053
xgboost,timeout_msm_tau_1_0.83_tau_2_0.75_lb_6,timeout_msm,19,2,17,0.8947,0.1053
xgboost,timeout_msm_tau_1_0.83_tau_2_0.78_lb_3,timeout_msm,18,2,16,0.8889,0.1111
xgboost,timeout_msm_tau_1_0.83_tau_2_0.78_lb_4,timeout_msm,19,2,17,0.8947,0.1053
xgboost,timeout_msm_tau_1_0.83_tau_2_0.78_lb_6,timeout_msm,19,2,17,0.8947,0.1053
xgboost,timeout_msm_tau_1_0.88_tau_2_0.72_lb_3,timeout_msm,19,2,17,0.8947,0.1053
xgboost,timeout_msm_tau_1_0.88_tau_2_0.72_lb_4,timeout_msm,19,2,17,0.8947,0.1053
xgboost,timeout_msm_tau_1_0.88_tau_2_0.72_lb_6,timeout_msm,19,2,17,0.8947,0.1053
xgboost,timeout_msm_tau_1_0.88_tau_2_0.75_lb_3,timeout_msm,19,2,17,0.8947,0.1053
xgboost,timeout_msm_tau_1_0.88_tau_2_0.75_lb_4,timeout_msm,20,2,18,0.9,0.1
xgboost,timeout_msm_tau_1_0.88_tau_2_0.75_lb_6,timeout_msm,19,2,17,0.8947,0.1053
xgboost,timeout_msm_tau_1_0.88_tau_2_0.78_lb_3,timeout_msm,19,2,17,0.8947,0.1053
xgboost,timeout_msm_tau_1_0.88_tau_2_0.78_lb_4,timeout_msm,20,2,18,0.9,0.1
xgboost,timeout_msm_tau_1_0.88_tau_2_0.78_lb_6,timeout_msm,19,2,17,0.8947,0.1053
xgboost,timeout_msm_tau_1_0.8_tau_2_0.72_lb_3,timeout_msm,16,2,14,0.875,0.125
xgboost,timeout_msm_tau_1_0.8_tau_2_0.72_lb_4,timeout_msm,19,2,17,0.8947,0.1053
xgboost,timeout_msm_tau_1_0.8_tau_2_0.72_lb_6,timeout_msm,19,2,17,0.8947,0.1053
xgboost,timeout_msm_tau_1_0.8_tau_2_0.75_lb_3,timeout_msm,16,2,14,0.875,0.125
xgboost,timeout_msm_tau_1_0.8_tau_2_0.75_lb_4,timeout_msm,19,2,17,0.8947,0.1053
xgboost,timeout_msm_tau_1_0.8_tau_2_0.75_lb_6,timeout_msm,19,2,17,0.8947,0.1053
