model_type,retrainer,exp_type,mean_f1,std_f1,median_f1,mean_dir_accuracy,retrains,signals_fired,cooldowns_hit,windows
lr,perf_drop_0.05_lookback_3,perf,0.4237,0.1151,0.4204,0.5079,17,31,36,83
lr,perf_drop_0.03_lookback_3,perf,0.422,0.1174,0.4204,0.504,16,32,34,83
lr,perf_drop_0.1_lookback_3,perf,0.4218,0.1222,0.4195,0.5034,15,20,32,83
lr,msm_tau_1_0.88_tau_2_0.72_lb_4,msm,0.4203,0.1176,0.4088,0.5038,19,37,38,83
lr,msm_tau_1_0.88_tau_2_0.75_lb_4,msm,0.4203,0.1176,0.4088,0.5038,19,37,38,83
lr,perf_drop_0.03_lookback_4,perf,0.4203,0.1211,0.4048,0.5009,16,32,34,83
lr,spy_msm_tau_1_0.88_tau_2_0.72_lb_6,spy_msm,0.4182,0.1203,0.4088,0.5058,17,31,34,83
lr,spy_msm_tau_1_0.88_tau_2_0.75_lb_6,spy_msm,0.4182,0.1203,0.4088,0.5058,17,31,34,83
lr,spy_msm_tau_1_0.88_tau_2_0.78_lb_6,spy_msm,0.4182,0.1203,0.4088,0.5058,17,31,34,83
lr,msm_tau_1_0.83_tau_2_0.72_lb_6,msm,0.418,0.1173,0.4109,0.5052,18,36,38,83
lr,msm_tau_1_0.83_tau_2_0.75_lb_6,msm,0.418,0.1173,0.4109,0.5052,18,36,38,83
lr,msm_tau_1_0.83_tau_2_0.78_lb_6,msm,0.418,0.1173,0.4109,0.5052,18,36,38,83
lr,msm_tau_1_0.88_tau_2_0.72_lb_6,msm,0.418,0.1173,0.4109,0.5052,18,36,38,83
lr,msm_tau_1_0.88_tau_2_0.75_lb_6,msm,0.418,0.1173,0.4109,0.5052,18,36,38,83
lr,msm_tau_1_0.88_tau_2_0.78_lb_6,msm,0.418,0.1173,0.4109,0.5052,18,36,38,83
lr,msm_tau_1_0.8_tau_2_0.72_lb_6,msm,0.418,0.1173,0.4109,0.5052,18,36,38,83
lr,msm_tau_1_0.8_tau_2_0.75_lb_6,msm,0.418,0.1173,0.4109,0.5052,18,36,38,83
lr,timeout_msm_tau_1_0.88_tau_2_0.72_lb_4,timeout_msm,0.4178,0.118,0.4023,0.5082,19,37,38,83
lr,msm_tau_1_0.88_tau_2_0.78_lb_4,msm,0.4166,0.1158,0.4109,0.4996,19,37,38,83
lr,fixed_6,fixed,0.4163,0.1155,0.4167,0.5006,13,13,28,83
lr,perf_drop_0.15_lookback_3,perf,0.4161,0.1146,0.4127,0.5242,11,13,24,83
lr,spy_msm_tau_1_0.88_tau_2_0.78_lb_3,spy_msm,0.4159,0.1264,0.4088,0.5033,16,26,32,83
lr,msm_tau_1_0.88_tau_2_0.72_lb_3,msm,0.4151,0.1172,0.4088,0.5066,19,33,38,83
lr,msm_tau_1_0.88_tau_2_0.75_lb_3,msm,0.4151,0.1172,0.4088,0.5066,19,34,38,83
lr,msm_tau_1_0.88_tau_2_0.78_lb_3,msm,0.4151,0.1172,0.4088,0.5066,19,34,38,83
lr,timeout_msm_tau_1_0.88_tau_2_0.72_lb_3,timeout_msm,0.4151,0.1172,0.4088,0.5066,19,33,38,83
lr,timeout_msm_tau_1_0.88_tau_2_0.75_lb_3,timeout_msm,0.4151,0.1172,0.4088,0.5066,19,34,38,83
lr,timeout_msm_tau_1_0.88_tau_2_0.78_lb_3,timeout_msm,0.4151,0.1172,0.4088,0.5066,19,34,38,83
lr,msm_tau_1_0.8_tau_2_0.72_lb_3,msm,0.415,0.1224,0.401,0.5041,16,26,32,83
lr,msm_tau_1_0.8_tau_2_0.75_lb_3,msm,0.415,0.1224,0.401,0.5041,16,26,32,83
lr,timeout_msm_tau_1_0.8_tau_2_0.72_lb_3,timeout_msm,0.415,0.1224,0.401,0.5041,16,26,32,83
lr,timeout_msm_tau_1_0.8_tau_2_0.75_lb_3,timeout_msm,0.415,0.1224,0.401,0.5041,16,26,32,83
lr,perf_drop_0.1_lookback_4,perf,0.4148,0.1166,0.4074,0.5095,9,12,20,83
lr,msm_tau_1_0.83_tau_2_0.72_lb_4,msm,0.4146,0.1152,0.4023,0.5015,19,34,38,83
lr,msm_tau_1_0.83_tau_2_0.75_lb_4,msm,0.4146,0.1152,0.4023,0.5015,19,34,38,83
lr,msm_tau_1_0.83_tau_2_0.78_lb_4,msm,0.4146,0.1152,0.4023,0.5015,19,34,38,83
lr,msm_tau_1_0.8_tau_2_0.72_lb_4,msm,0.4146,0.1152,0.4023,0.5015,19,34,38,83
lr,msm_tau_1_0.8_tau_2_0.75_lb_4,msm,0.4146,0.1152,0.4023,0.5015,19,34,38,83
lr,spy_msm_tau_1_0.88_tau_2_0.72_lb_4,spy_msm,0.4146,0.1192,0.4105,0.5027,17,29,34,83
lr,spy_msm_tau_1_0.88_tau_2_0.75_lb_4,spy_msm,0.4146,0.1192,0.4105,0.5027,17,29,34,83
lr,msm_tau_1_0.83_tau_2_0.72_lb_3,msm,0.4145,0.115,0.4167,0.4985,18,30,36,83
lr,msm_tau_1_0.83_tau_2_0.75_lb_3,msm,0.4145,0.115,0.4167,0.4985,18,30,36,83
lr,timeout_msm_tau_1_0.83_tau_2_0.72_lb_3,timeout_msm,0.4145,0.115,0.4167,0.4985,18,30,36,83
lr,timeout_msm_tau_1_0.83_tau_2_0.75_lb_3,timeout_msm,0.4145,0.115,0.4167,0.4985,18,30,36,83
lr,perf_drop_0.03_lookback_6,perf,0.414,0.1226,0.4048,0.4999,13,32,28,83
lr,perf_drop_0.05_lookback_6,perf,0.4136,0.12,0.4015,0.5023,11,23,24,83
lr,timeout_msm_tau_1_0.83_tau_2_0.72_lb_6,timeout_msm,0.4136,0.1143,0.409,0.498,19,37,40,83
lr,timeout_msm_tau_1_0.83_tau_2_0.75_lb_6,timeout_msm,0.4136,0.1143,0.409,0.498,19,37,40,83
lr,timeout_msm_tau_1_0.83_tau_2_0.78_lb_6,timeout_msm,0.4136,0.1143,0.409,0.498,19,37,40,83
lr,timeout_msm_tau_1_0.88_tau_2_0.72_lb_6,timeout_msm,0.4136,0.1143,0.409,0.498,19,37,40,83
lr,timeout_msm_tau_1_0.88_tau_2_0.75_lb_4,timeout_msm,0.4136,0.1192,0.4029,0.5038,20,38,40,83
lr,timeout_msm_tau_1_0.88_tau_2_0.75_lb_6,timeout_msm,0.4136,0.1143,0.409,0.498,19,37,40,83
lr,timeout_msm_tau_1_0.88_tau_2_0.78_lb_4,timeout_msm,0.4136,0.1192,0.4029,0.5038,20,38,40,83
lr,timeout_msm_tau_1_0.88_tau_2_0.78_lb_6,timeout_msm,0.4136,0.1143,0.409,0.498,19,37,40,83
lr,timeout_msm_tau_1_0.8_tau_2_0.72_lb_6,timeout_msm,0.4136,0.1143,0.409,0.498,19,37,40,83
lr,timeout_msm_tau_1_0.8_tau_2_0.75_lb_6,timeout_msm,0.4136,0.1143,0.409,0.498,19,37,40,83
lr,spy_msm_tau_1_0.83_tau_2_0.72_lb_6,spy_msm,0.4135,0.1172,0.4126,0.5004,16,29,32,83
lr,spy_msm_tau_1_0.83_tau_2_0.75_lb_6,spy_msm,0.4135,0.1172,0.4126,0.5004,16,29,32,83
lr,spy_msm_tau_1_0.83_tau_2_0.78_lb_6,spy_msm,0.4135,0.1172,0.4126,0.5004,16,29,32,83
lr,spy_msm_tau_1_0.8_tau_2_0.72_lb_6,spy_msm,0.4135,0.1172,0.4126,0.5004,16,29,32,83
lr,spy_msm_tau_1_0.8_tau_2_0.75_lb_6,spy_msm,0.4135,0.1172,0.4126,0.5004,16,29,32,83
lr,timeout_msm_tau_1_0.83_tau_2_0.72_lb_4,timeout_msm,0.4134,0.1159,0.401,0.5045,19,35,38,83
lr,timeout_msm_tau_1_0.83_tau_2_0.75_lb_4,timeout_msm,0.4134,0.1159,0.401,0.5045,19,35,38,83
lr,timeout_msm_tau_1_0.83_tau_2_0.78_lb_4,timeout_msm,0.4134,0.1159,0.401,0.5045,19,35,38,83
lr,timeout_msm_tau_1_0.8_tau_2_0.72_lb_4,timeout_msm,0.4134,0.1159,0.401,0.5045,19,35,38,83
lr,timeout_msm_tau_1_0.8_tau_2_0.75_lb_4,timeout_msm,0.4134,0.1159,0.401,0.5045,19,35,38,83
lr,spy_msm_tau_1_0.83_tau_2_0.72_lb_4,spy_msm,0.4131,0.1096,0.4204,0.5018,16,27,32,83
lr,spy_msm_tau_1_0.83_tau_2_0.75_lb_4,spy_msm,0.4131,0.1096,0.4204,0.5018,16,27,32,83
lr,spy_msm_tau_1_0.83_tau_2_0.78_lb_4,spy_msm,0.4131,0.1096,0.4204,0.5018,16,27,32,83
lr,spy_msm_tau_1_0.8_tau_2_0.72_lb_4,spy_msm,0.4131,0.1096,0.4204,0.5018,16,27,32,83
lr,spy_msm_tau_1_0.8_tau_2_0.75_lb_4,spy_msm,0.4131,0.1096,0.4204,0.5018,16,27,32,83
lr,spy_msm_tau_1_0.88_tau_2_0.78_lb_4,spy_msm,0.4129,0.1226,0.4105,0.4971,17,29,34,83
lr,msm_tau_1_0.83_tau_2_0.78_lb_3,msm,0.4126,0.113,0.4023,0.4936,18,31,36,83
lr,timeout_msm_tau_1_0.83_tau_2_0.78_lb_3,timeout_msm,0.4126,0.113,0.4023,0.4936,18,31,36,83
lr,spy_msm_tau_1_0.88_tau_2_0.72_lb_3,spy_msm,0.4116,0.1239,0.4088,0.4968,15,25,30,83
lr,spy_msm_tau_1_0.88_tau_2_0.75_lb_3,spy_msm,0.4116,0.1239,0.4088,0.4968,15,26,30,83
lr,perf_drop_0.05_lookback_4,perf,0.4112,0.1175,0.401,0.4848,14,26,30,83
lr,fixed_3,fixed,0.4082,0.1051,0.4111,0.4961,27,27,55,83
lr,fixed_9,fixed,0.408,0.1295,0.3873,0.4868,9,9,19,83
lr,adwin_delta_0.01,adwin,0.4054,0.1154,0.3973,0.5766,1,1,4,83
lr,spy_msm_tau_1_0.83_tau_2_0.72_lb_3,spy_msm,0.4043,0.1173,0.4062,0.4859,15,24,30,83
lr,spy_msm_tau_1_0.83_tau_2_0.75_lb_3,spy_msm,0.4043,0.1173,0.4062,0.4859,15,24,30,83
lr,spy_msm_tau_1_0.83_tau_2_0.78_lb_3,spy_msm,0.4043,0.1173,0.4062,0.4859,15,24,30,83
lr,spy_msm_tau_1_0.8_tau_2_0.72_lb_3,spy_msm,0.4043,0.1173,0.4062,0.4859,15,24,30,83
lr,spy_msm_tau_1_0.8_tau_2_0.75_lb_3,spy_msm,0.4043,0.1173,0.4062,0.4859,15,24,30,83
lr,perf_drop_0.2_lookback_3,perf,0.4031,0.1118,0.3986,0.5366,3,5,8,83
lr,fixed_12,fixed,0.4027,0.1203,0.381,0.4737,6,6,14,83
lr,perf_drop_0.15_lookback_4,perf,0.4016,0.1138,0.4023,0.5372,5,5,12,83
lr,perf_drop_0.1_lookback_6,perf,0.4014,0.1139,0.401,0.5239,5,10,12,83
lr,random,random,0.3987,0.1295,0.4074,0.4883,6,6,14,83
lr,perf_drop_0.15_lookback_6,perf,0.3923,0.1203,0.3824,0.485,2,3,6,83
lr,perf_drop_0.2_lookback_4,perf,0.3849,0.118,0.3824,0.5466,2,2,6,83
lr,adwin_delta_0.05,adwin,0.3822,0.114,0.3674,0.5995,0,0,2,83
lr,adwin_delta_0.1,adwin,0.3822,0.114,0.3674,0.5995,0,0,2,83
lr,perf_drop_0.2_lookback_6,perf,0.3822,0.114,0.3674,0.5995,0,0,2,83
lr,static,static,0.3822,0.114,0.3674,0.5995,0,0,2,83
lr,causal_tau_1_0.83_tau_2_0.72_lb_3,causal,0.3798,0.1265,0.3803,0.4483,18,30,36,83
lr,causal_tau_1_0.83_tau_2_0.75_lb_3,causal,0.3798,0.1265,0.3803,0.4483,18,30,36,83
lr,causal_tau_1_0.8_tau_2_0.72_lb_3,causal,0.3777,0.1219,0.3803,0.4371,16,26,32,83
lr,causal_tau_1_0.8_tau_2_0.75_lb_3,causal,0.3777,0.1219,0.3803,0.4371,16,26,32,83
lr,causal_tau_1_0.83_tau_2_0.72_lb_4,causal,0.3767,0.1191,0.3807,0.4288,19,34,38,83
lr,causal_tau_1_0.83_tau_2_0.75_lb_4,causal,0.3767,0.1191,0.3807,0.4288,19,34,38,83
lr,causal_tau_1_0.83_tau_2_0.78_lb_4,causal,0.3767,0.1191,0.3807,0.4288,19,34,38,83
lr,causal_tau_1_0.8_tau_2_0.72_lb_4,causal,0.3767,0.1191,0.3807,0.4288,19,34,38,83
lr,causal_tau_1_0.8_tau_2_0.75_lb_4,causal,0.3767,0.1191,0.3807,0.4288,19,34,38,83
lr,causal_tau_1_0.88_tau_2_0.78_lb_4,causal,0.3737,0.1234,0.3754,0.4302,19,37,38,83
lr,causal_tau_1_0.83_tau_2_0.78_lb_3,causal,0.3721,0.1198,0.3704,0.428,18,31,36,83
lr,causal_tau_1_0.88_tau_2_0.72_lb_4,causal,0.3688,0.1233,0.3685,0.4309,19,37,38,83
lr,causal_tau_1_0.88_tau_2_0.75_lb_4,causal,0.3688,0.1233,0.3685,0.4309,19,37,38,83
lr,causal_tau_1_0.88_tau_2_0.72_lb_3,causal,0.3665,0.13,0.3606,0.4302,19,33,38,83
lr,causal_tau_1_0.88_tau_2_0.75_lb_3,causal,0.3665,0.13,0.3606,0.4302,19,34,38,83
lr,causal_tau_1_0.88_tau_2_0.78_lb_3,causal,0.3665,0.13,0.3606,0.4302,19,34,38,83
lr,causal_tau_1_0.83_tau_2_0.72_lb_6,causal,0.3642,0.1177,0.3619,0.4323,18,36,38,83
lr,causal_tau_1_0.83_tau_2_0.75_lb_6,causal,0.3642,0.1177,0.3619,0.4323,18,36,38,83
lr,causal_tau_1_0.83_tau_2_0.78_lb_6,causal,0.3642,0.1177,0.3619,0.4323,18,36,38,83
lr,causal_tau_1_0.88_tau_2_0.72_lb_6,causal,0.3642,0.1177,0.3619,0.4323,18,36,38,83
lr,causal_tau_1_0.88_tau_2_0.75_lb_6,causal,0.3642,0.1177,0.3619,0.4323,18,36,38,83
lr,causal_tau_1_0.88_tau_2_0.78_lb_6,causal,0.3642,0.1177,0.3619,0.4323,18,36,38,83
lr,causal_tau_1_0.8_tau_2_0.72_lb_6,causal,0.3642,0.1177,0.3619,0.4323,18,36,38,83
lr,causal_tau_1_0.8_tau_2_0.75_lb_6,causal,0.3642,0.1177,0.3619,0.4323,18,36,38,83
rf,timeout_msm_tau_1_0.88_tau_2_0.75_lb_4,timeout_msm,0.4356,0.1047,0.4327,0.5219,20,38,40,83
rf,timeout_msm_tau_1_0.88_tau_2_0.78_lb_4,timeout_msm,0.4356,0.1047,0.4327,0.5219,20,38,40,83
rf,spy_msm_tau_1_0.88_tau_2_0.78_lb_3,spy_msm,0.4321,0.1011,0.4287,0.5377,16,26,32,83
rf,perf_drop_0.1_lookback_3,perf,0.4303,0.1065,0.4293,0.5282,11,15,24,83
rf,msm_tau_1_0.83_tau_2_0.72_lb_4,msm,0.4289,0.1085,0.4286,0.5345,19,34,38,83
rf,msm_tau_1_0.83_tau_2_0.75_lb_4,msm,0.4289,0.1085,0.4286,0.5345,19,34,38,83
rf,msm_tau_1_0.83_tau_2_0.78_lb_4,msm,0.4289,0.1085,0.4286,0.5345,19,34,38,83
rf,msm_tau_1_0.8_tau_2_0.72_lb_4,msm,0.4289,0.1085,0.4286,0.5345,19,34,38,83
rf,msm_tau_1_0.8_tau_2_0.75_lb_4,msm,0.4289,0.1085,0.4286,0.5345,19,34,38,83
rf,perf_drop_0.03_lookback_6,perf,0.4275,0.1037,0.4325,0.5295,16,33,33,83
rf,msm_tau_1_0.88_tau_2_0.78_lb_4,msm,0.4273,0.1096,0.424,0.5321,19,37,38,83
rf,perf_drop_0.05_lookback_3,perf,0.4269,0.1077,0.4325,0.5164,16,24,34,83
rf,fixed_3,fixed,0.4265,0.1049,0.425,0.5215,27,27,55,83
rf,fixed_6,fixed,0.4265,0.1036,0.4262,0.534,13,13,28,83
rf,msm_tau_1_0.83_tau_2_0.78_lb_3,msm,0.4251,0.0977,0.4183,0.5212,18,31,36,83
rf,msm_tau_1_0.8_tau_2_0.72_lb_3,msm,0.4251,0.1034,0.4325,0.5208,16,26,32,83
rf,msm_tau_1_0.8_tau_2_0.75_lb_3,msm,0.4251,0.1034,0.4325,0.5208,16,26,32,83
rf,timeout_msm_tau_1_0.83_tau_2_0.78_lb_3,timeout_msm,0.4251,0.0977,0.4183,0.5212,18,31,36,83
rf,timeout_msm_tau_1_0.8_tau_2_0.72_lb_3,timeout_msm,0.4251,0.1034,0.4325,0.5208,16,26,32,83
rf,timeout_msm_tau_1_0.8_tau_2_0.75_lb_3,timeout_msm,0.4251,0.1034,0.4325,0.5208,16,26,32,83
rf,timeout_msm_tau_1_0.83_tau_2_0.72_lb_6,timeout_msm,0.4243,0.1097,0.4218,0.5219,19,37,40,83
rf,timeout_msm_tau_1_0.83_tau_2_0.75_lb_6,timeout_msm,0.4243,0.1097,0.4218,0.5219,19,37,40,83
rf,timeout_msm_tau_1_0.83_tau_2_0.78_lb_6,timeout_msm,0.4243,0.1097,0.4218,0.5219,19,37,40,83
rf,timeout_msm_tau_1_0.88_tau_2_0.72_lb_6,timeout_msm,0.4243,0.1097,0.4218,0.5219,19,37,40,83
rf,timeout_msm_tau_1_0.88_tau_2_0.75_lb_6,timeout_msm,0.4243,0.1097,0.4218,0.5219,19,37,40,83
rf,timeout_msm_tau_1_0.88_tau_2_0.78_lb_6,timeout_msm,0.4243,0.1097,0.4218,0.5219,19,37,40,83
rf,timeout_msm_tau_1_0.8_tau_2_0.72_lb_6,timeout_msm,0.4243,0.1097,0.4218,0.5219,19,37,40,83
rf,timeout_msm_tau_1_0.8_tau_2_0.75_lb_6,timeout_msm,0.4243,0.1097,0.4218,0.5219,19,37,40,83
rf,perf_drop_0.03_lookback_3,perf,0.4234,0.0916,0.4269,0.5204,20,37,42,83
rf,perf_drop_0.05_lookback_6,perf,0.4232,0.1052,0.4195,0.5163,13,22,27,83
rf,timeout_msm_tau_1_0.83_tau_2_0.72_lb_4,timeout_msm,0.4231,0.1055,0.4325,0.518,19,35,38,83
rf,timeout_msm_tau_1_0.83_tau_2_0.75_lb_4,timeout_msm,0.4231,0.1055,0.4325,0.518,19,35,38,83
rf,timeout_msm_tau_1_0.83_tau_2_0.78_lb_4,timeout_msm,0.4231,0.1055,0.4325,0.518,19,35,38,83
rf,timeout_msm_tau_1_0.8_tau_2_0.72_lb_4,timeout_msm,0.4231,0.1055,0.4325,0.518,19,35,38,83
rf,timeout_msm_tau_1_0.8_tau_2_0.75_lb_4,timeout_msm,0.4231,0.1055,0.4325,0.518,19,35,38,83
rf,spy_msm_tau_1_0.88_tau_2_0.72_lb_3,spy_msm,0.4227,0.098,0.4269,0.5349,15,25,30,83
rf,spy_msm_tau_1_0.88_tau_2_0.75_lb_3,spy_msm,0.4227,0.098,0.4269,0.5349,15,26,30,83
rf,perf_drop_0.03_lookback_4,perf,0.4226,0.1019,0.4374,0.5131,15,33,32,83
rf,timeout_msm_tau_1_0.88_tau_2_0.72_lb_4,timeout_msm,0.4226,0.1049,0.4255,0.5158,19,37,38,83
rf,msm_tau_1_0.83_tau_2_0.72_lb_6,msm,0.4224,0.1091,0.4218,0.5262,18,36,38,83
rf,msm_tau_1_0.83_tau_2_0.75_lb_6,msm,0.4224,0.1091,0.4218,0.5262,18,36,38,83
rf,msm_tau_1_0.83_tau_2_0.78_lb_6,msm,0.4224,0.1091,0.4218,0.5262,18,36,38,83
rf,msm_tau_1_0.88_tau_2_0.72_lb_6,msm,0.4224,0.1091,0.4218,0.5262,18,36,38,83
rf,msm_tau_1_0.88_tau_2_0.75_lb_6,msm,0.4224,0.1091,0.4218,0.5262,18,36,38,83
rf,msm_tau_1_0.88_tau_2_0.78_lb_6,msm,0.4224,0.1091,0.4218,0.5262,18,36,38,83
rf,msm_tau_1_0.8_tau_2_0.72_lb_6,msm,0.4224,0.1091,0.4218,0.5262,18,36,38,83
rf,msm_tau_1_0.8_tau_2_0.75_lb_6,msm,0.4224,0.1091,0.4218,0.5262,18,36,38,83
rf,spy_msm_tau_1_0.88_tau_2_0.78_lb_4,spy_msm,0.4224,0.1008,0.4218,0.5351,17,29,34,83
rf,msm_tau_1_0.83_tau_2_0.72_lb_3,msm,0.4222,0.0963,0.4212,0.5231,18,30,36,83
rf,msm_tau_1_0.83_tau_2_0.75_lb_3,msm,0.4222,0.0963,0.4212,0.5231,18,30,36,83
rf,timeout_msm_tau_1_0.83_tau_2_0.72_lb_3,timeout_msm,0.4222,0.0963,0.4212,0.5231,18,30,36,83
rf,timeout_msm_tau_1_0.83_tau_2_0.75_lb_3,timeout_msm,0.4222,0.0963,0.4212,0.5231,18,30,36,83
rf,spy_msm_tau_1_0.88_tau_2_0.72_lb_4,spy_msm,0.4197,0.1024,0.4183,0.5333,17,29,34,83
rf,spy_msm_tau_1_0.88_tau_2_0.75_lb_4,spy_msm,0.4197,0.1024,0.4183,0.5333,17,29,34,83
rf,perf_drop_0.05_lookback_4,perf,0.4193,0.0918,0.424,0.5164,14,27,30,83
rf,msm_tau_1_0.88_tau_2_0.72_lb_4,msm,0.4192,0.1107,0.4113,0.5289,19,37,38,83
rf,msm_tau_1_0.88_tau_2_0.75_lb_4,msm,0.4192,0.1107,0.4113,0.5289,19,37,38,83
rf,spy_msm_tau_1_0.83_tau_2_0.72_lb_3,spy_msm,0.4184,0.1014,0.4212,0.5142,15,24,30,83
rf,spy_msm_tau_1_0.83_tau_2_0.75_lb_3,spy_msm,0.4184,0.1014,0.4212,0.5142,15,24,30,83
rf,spy_msm_tau_1_0.83_tau_2_0.78_lb_3,spy_msm,0.4184,0.1014,0.4212,0.5142,15,24,30,83
rf,spy_msm_tau_1_0.8_tau_2_0.72_lb_3,spy_msm,0.4184,0.1014,0.4212,0.5142,15,24,30,83
rf,spy_msm_tau_1_0.8_tau_2_0.75_lb_3,spy_msm,0.4184,0.1014,0.4212,0.5142,15,24,30,83
rf,spy_msm_tau_1_0.88_tau_2_0.72_lb_6,spy_msm,0.4181,0.112,0.4183,0.5276,17,31,34,83
rf,spy_msm_tau_1_0.88_tau_2_0.75_lb_6,spy_msm,0.4181,0.112,0.4183,0.5276,17,31,34,83
rf,spy_msm_tau_1_0.88_tau_2_0.78_lb_6,spy_msm,0.4181,0.112,0.4183,0.5276,17,31,34,83
rf,msm_tau_1_0.88_tau_2_0.72_lb_3,msm,0.4173,0.0967,0.4074,0.5189,19,33,38,83
rf,msm_tau_1_0.88_tau_2_0.75_lb_3,msm,0.4173,0.0967,0.4074,0.5189,19,34,38,83
rf,msm_tau_1_0.88_tau_2_0.78_lb_3,msm,0.4173,0.0967,0.4074,0.5189,19,34,38,83
rf,timeout_msm_tau_1_0.88_tau_2_0.72_lb_3,timeout_msm,0.4173,0.0967,0.4074,0.5189,19,33,38,83
rf,timeout_msm_tau_1_0.88_tau_2_0.75_lb_3,timeout_msm,0.4173,0.0967,0.4074,0.5189,19,34,38,83
rf,timeout_msm_tau_1_0.88_tau_2_0.78_lb_3,timeout_msm,0.4173,0.0967,0.4074,0.5189,19,34,38,83
rf,spy_msm_tau_1_0.83_tau_2_0.72_lb_4,spy_msm,0.4134,0.0986,0.4183,0.5342,16,27,32,83
rf,spy_msm_tau_1_0.83_tau_2_0.75_lb_4,spy_msm,0.4134,0.0986,0.4183,0.5342,16,27,32,83
rf,spy_msm_tau_1_0.83_tau_2_0.78_lb_4,spy_msm,0.4134,0.0986,0.4183,0.5342,16,27,32,83
rf,spy_msm_tau_1_0.8_tau_2_0.72_lb_4,spy_msm,0.4134,0.0986,0.4183,0.5342,16,27,32,83
rf,spy_msm_tau_1_0.8_tau_2_0.75_lb_4,spy_msm,0.4134,0.0986,0.4183,0.5342,16,27,32,83
rf,fixed_12,fixed,0.4117,0.1074,0.4167,0.5096,6,6,14,83
rf,causal_tau_1_0.8_tau_2_0.72_lb_3,causal,0.4108,0.12,0.4232,0.4727,16,26,32,83
rf,causal_tau_1_0.8_tau_2_0.75_lb_3,causal,0.4108,0.12,0.4232,0.4727,16,26,32,83
rf,spy_msm_tau_1_0.83_tau_2_0.72_lb_6,spy_msm,0.4105,0.1017,0.4183,0.5178,16,29,32,83
rf,spy_msm_tau_1_0.83_tau_2_0.75_lb_6,spy_msm,0.4105,0.1017,0.4183,0.5178,16,29,32,83
rf,spy_msm_tau_1_0.83_tau_2_0.78_lb_6,spy_msm,0.4105,0.1017,0.4183,0.5178,16,29,32,83
rf,spy_msm_tau_1_0.8_tau_2_0.72_lb_6,spy_msm,0.4105,0.1017,0.4183,0.5178,16,29,32,83
rf,spy_msm_tau_1_0.8_tau_2_0.75_lb_6,spy_msm,0.4105,0.1017,0.4183,0.5178,16,29,32,83
rf,fixed_9,fixed,0.4097,0.1053,0.4048,0.5063,9,9,19,83
rf,perf_drop_0.15_lookback_3,perf,0.4032,0.1017,0.4183,0.5314,7,8,16,83
rf,perf_drop_0.1_lookback_4,perf,0.4021,0.0961,0.3934,0.4979,6,9,14,83
rf,perf_drop_0.1_lookback_6,perf,0.3944,0.0997,0.3876,0.5224,2,2,6,83
rf,causal_tau_1_0.83_tau_2_0.72_lb_3,causal,0.3936,0.1224,0.3778,0.4296,18,30,36,83
rf,causal_tau_1_0.83_tau_2_0.75_lb_3,causal,0.3936,0.1224,0.3778,0.4296,18,30,36,83
rf,causal_tau_1_0.83_tau_2_0.72_lb_4,causal,0.3918,0.1382,0.3718,0.4305,19,34,38,83
rf,causal_tau_1_0.83_tau_2_0.75_lb_4,causal,0.3918,0.1382,0.3718,0.4305,19,34,38,83
rf,causal_tau_1_0.83_tau_2_0.78_lb_4,causal,0.3918,0.1382,0.3718,0.4305,19,34,38,83
rf,causal_tau_1_0.8_tau_2_0.72_lb_4,causal,0.3918,0.1382,0.3718,0.4305,19,34,38,83
rf,causal_tau_1_0.8_tau_2_0.75_lb_4,causal,0.3918,0.1382,0.3718,0.4305,19,34,38,83
rf,random,random,0.3914,0.095,0.3926,0.492,6,6,14,83
rf,causal_tau_1_0.88_tau_2_0.78_lb_4,causal,0.3899,0.1177,0.3788,0.4588,19,37,38,83
rf,causal_tau_1_0.83_tau_2_0.72_lb_6,causal,0.3862,0.1159,0.3788,0.4514,18,36,38,83
rf,causal_tau_1_0.83_tau_2_0.75_lb_6,causal,0.3862,0.1159,0.3788,0.4514,18,36,38,83
rf,causal_tau_1_0.83_tau_2_0.78_lb_6,causal,0.3862,0.1159,0.3788,0.4514,18,36,38,83
rf,causal_tau_1_0.88_tau_2_0.72_lb_6,causal,0.3862,0.1159,0.3788,0.4514,18,36,38,83
rf,causal_tau_1_0.88_tau_2_0.75_lb_6,causal,0.3862,0.1159,0.3788,0.4514,18,36,38,83
rf,causal_tau_1_0.88_tau_2_0.78_lb_6,causal,0.3862,0.1159,0.3788,0.4514,18,36,38,83
rf,causal_tau_1_0.8_tau_2_0.72_lb_6,causal,0.3862,0.1159,0.3788,0.4514,18,36,38,83
rf,causal_tau_1_0.8_tau_2_0.75_lb_6,causal,0.3862,0.1159,0.3788,0.4514,18,36,38,83
rf,causal_tau_1_0.83_tau_2_0.78_lb_3,causal,0.3852,0.1295,0.3763,0.4258,18,31,36,83
rf,causal_tau_1_0.88_tau_2_0.72_lb_3,causal,0.3844,0.1177,0.3767,0.4446,19,33,38,83
rf,causal_tau_1_0.88_tau_2_0.75_lb_3,causal,0.3844,0.1177,0.3767,0.4446,19,34,38,83
rf,causal_tau_1_0.88_tau_2_0.78_lb_3,causal,0.3844,0.1177,0.3767,0.4446,19,34,38,83
rf,causal_tau_1_0.88_tau_2_0.72_lb_4,causal,0.3784,0.1325,0.3736,0.4221,19,37,38,83
rf,causal_tau_1_0.88_tau_2_0.75_lb_4,causal,0.3784,0.1325,0.3736,0.4221,19,37,38,83
rf,adwin_delta_0.01,adwin,0.3644,0.1026,0.3556,0.559,0,0,2,83
rf,adwin_delta_0.05,adwin,0.3644,0.1026,0.3556,0.559,0,0,2,83
rf,adwin_delta_0.1,adwin,0.3644,0.1026,0.3556,0.559,0,0,2,83
rf,perf_drop_0.15_lookback_4,perf,0.3644,0.1026,0.3556,0.559,0,0,2,83
rf,perf_drop_0.15_lookback_6,perf,0.3644,0.1026,0.3556,0.559,0,0,2,83
rf,perf_drop_0.2_lookback_3,perf,0.3644,0.1026,0.3556,0.559,0,0,2,83
rf,perf_drop_0.2_lookback_4,perf,0.3644,0.1026,0.3556,0.559,0,0,2,83
rf,perf_drop_0.2_lookback_6,perf,0.3644,0.1026,0.3556,0.559,0,0,2,83
rf,static,static,0.3644,0.1026,0.3556,0.559,0,0,2,83
xgboost,timeout_msm_tau_1_0.88_tau_2_0.72_lb_4,timeout_msm,0.4444,0.1219,0.4306,0.5318,19,37,38,83
xgboost,perf_drop_0.1_lookback_6,perf,0.4409,0.1214,0.4337,0.5326,9,16,20,83
xgboost,timeout_msm_tau_1_0.88_tau_2_0.75_lb_4,timeout_msm,0.4405,0.1203,0.4287,0.5306,20,38,40,83
xgboost,timeout_msm_tau_1_0.88_tau_2_0.78_lb_4,timeout_msm,0.4405,0.1203,0.4287,0.5306,20,38,40,83
xgboost,msm_tau_1_0.83_tau_2_0.72_lb_3,msm,0.4401,0.1191,0.4332,0.5239,18,30,36,83
xgboost,msm_tau_1_0.83_tau_2_0.75_lb_3,msm,0.4401,0.1191,0.4332,0.5239,18,30,36,83
xgboost,timeout_msm_tau_1_0.83_tau_2_0.72_lb_3,timeout_msm,0.4401,0.1191,0.4332,0.5239,18,30,36,83
xgboost,timeout_msm_tau_1_0.83_tau_2_0.75_lb_3,timeout_msm,0.4401,0.1191,0.4332,0.5239,18,30,36,83
xgboost,msm_tau_1_0.88_tau_2_0.72_lb_3,msm,0.4383,0.109,0.4287,0.5304,19,33,38,83
xgboost,msm_tau_1_0.88_tau_2_0.75_lb_3,msm,0.4383,0.109,0.4287,0.5304,19,34,38,83
xgboost,msm_tau_1_0.88_tau_2_0.78_lb_3,msm,0.4383,0.109,0.4287,0.5304,19,34,38,83
xgboost,timeout_msm_tau_1_0.88_tau_2_0.72_lb_3,timeout_msm,0.4383,0.109,0.4287,0.5304,19,33,38,83
xgboost,timeout_msm_tau_1_0.88_tau_2_0.75_lb_3,timeout_msm,0.4383,0.109,0.4287,0.5304,19,34,38,83
xgboost,timeout_msm_tau_1_0.88_tau_2_0.78_lb_3,timeout_msm,0.4383,0.109,0.4287,0.5304,19,34,38,83
xgboost,perf_drop_0.03_lookback_3,perf,0.438,0.1071,0.4356,0.5276,20,32,41,83
xgboost,timeout_msm_tau_1_0.83_tau_2_0.72_lb_6,timeout_msm,0.4379,0.121,0.424,0.5316,19,37,40,83
xgboost,timeout_msm_tau_1_0.83_tau_2_0.75_lb_6,timeout_msm,0.4379,0.121,0.424,0.5316,19,37,40,83
xgboost,timeout_msm_tau_1_0.83_tau_2_0.78_lb_6,timeout_msm,0.4379,0.121,0.424,0.5316,19,37,40,83
xgboost,timeout_msm_tau_1_0.88_tau_2_0.72_lb_6,timeout_msm,0.4379,0.121,0.424,0.5316,19,37,40,83
xgboost,timeout_msm_tau_1_0.88_tau_2_0.75_lb_6,timeout_msm,0.4379,0.121,0.424,0.5316,19,37,40,83
xgboost,timeout_msm_tau_1_0.88_tau_2_0.78_lb_6,timeout_msm,0.4379,0.121,0.424,0.5316,19,37,40,83
xgboost,timeout_msm_tau_1_0.8_tau_2_0.72_lb_6,timeout_msm,0.4379,0.121,0.424,0.5316,19,37,40,83
xgboost,timeout_msm_tau_1_0.8_tau_2_0.75_lb_6,timeout_msm,0.4379,0.121,0.424,0.5316,19,37,40,83
xgboost,msm_tau_1_0.8_tau_2_0.72_lb_3,msm,0.4368,0.121,0.4374,0.5292,16,26,32,83
xgboost,msm_tau_1_0.8_tau_2_0.75_lb_3,msm,0.4368,0.121,0.4374,0.5292,16,26,32,83
xgboost,timeout_msm_tau_1_0.8_tau_2_0.72_lb_3,timeout_msm,0.4368,0.121,0.4374,0.5292,16,26,32,83
xgboost,timeout_msm_tau_1_0.8_tau_2_0.75_lb_3,timeout_msm,0.4368,0.121,0.4374,0.5292,16,26,32,83
xgboost,fixed_6,fixed,0.435,0.1118,0.4167,0.534,13,13,28,83
xgboost,perf_drop_0.03_lookback_6,perf,0.4344,0.12,0.4374,0.5159,15,32,31,83
xgboost,msm_tau_1_0.83_tau_2_0.78_lb_3,msm,0.434,0.1128,0.4235,0.5205,18,31,36,83
xgboost,timeout_msm_tau_1_0.83_tau_2_0.78_lb_3,timeout_msm,0.434,0.1128,0.4235,0.5205,18,31,36,83
xgboost,fixed_9,fixed,0.4337,0.1118,0.4308,0.5259,9,9,19,83
xgboost,perf_drop_0.05_lookback_3,perf,0.4334,0.1131,0.4111,0.5266,17,27,36,83
xgboost,fixed_3,fixed,0.4333,0.1038,0.4209,0.5253,27,27,55,83
xgboost,perf_drop_0.1_lookback_4,perf,0.4332,0.1183,0.4325,0.5125,9,15,20,83
xgboost,spy_msm_tau_1_0.83_tau_2_0.72_lb_4,spy_msm,0.4324,0.1085,0.4358,0.5314,16,27,32,83
xgboost,spy_msm_tau_1_0.83_tau_2_0.75_lb_4,spy_msm,0.4324,0.1085,0.4358,0.5314,16,27,32,83
xgboost,spy_msm_tau_1_0.83_tau_2_0.78_lb_4,spy_msm,0.4324,0.1085,0.4358,0.5314,16,27,32,83
xgboost,spy_msm_tau_1_0.8_tau_2_0.72_lb_4,spy_msm,0.4324,0.1085,0.4358,0.5314,16,27,32,83
xgboost,spy_msm_tau_1_0.8_tau_2_0.75_lb_4,spy_msm,0.4324,0.1085,0.4358,0.5314,16,27,32,83
xgboost,perf_drop_0.05_lookback_6,perf,0.4317,0.1218,0.419,0.5367,11,28,24,83
xgboost,perf_drop_0.05_lookback_4,perf,0.4291,0.1208,0.4327,0.5116,17,32,36,83
xgboost,perf_drop_0.15_lookback_3,perf,0.429,0.1233,0.4111,0.5013,8,9,18,83
xgboost,spy_msm_tau_1_0.88_tau_2_0.72_lb_6,spy_msm,0.4283,0.1299,0.4231,0.5226,17,31,34,83
xgboost,spy_msm_tau_1_0.88_tau_2_0.75_lb_6,spy_msm,0.4283,0.1299,0.4231,0.5226,17,31,34,83
xgboost,spy_msm_tau_1_0.88_tau_2_0.78_lb_6,spy_msm,0.4283,0.1299,0.4231,0.5226,17,31,34,83
xgboost,perf_drop_0.15_lookback_4,perf,0.428,0.114,0.4374,0.5163,7,9,16,83
xgboost,msm_tau_1_0.83_tau_2_0.72_lb_4,msm,0.4279,0.1175,0.4259,0.525,19,34,38,83
xgboost,msm_tau_1_0.83_tau_2_0.75_lb_4,msm,0.4279,0.1175,0.4259,0.525,19,34,38,83
xgboost,msm_tau_1_0.83_tau_2_0.78_lb_4,msm,0.4279,0.1175,0.4259,0.525,19,34,38,83
xgboost,msm_tau_1_0.8_tau_2_0.72_lb_4,msm,0.4279,0.1175,0.4259,0.525,19,34,38,83
xgboost,msm_tau_1_0.8_tau_2_0.75_lb_4,msm,0.4279,0.1175,0.4259,0.525,19,34,38,83
xgboost,spy_msm_tau_1_0.88_tau_2_0.78_lb_4,spy_msm,0.4231,0.1033,0.4243,0.5233,17,29,34,83
xgboost,timeout_msm_tau_1_0.83_tau_2_0.72_lb_4,timeout_msm,0.4227,0.1238,0.4183,0.5141,19,35,38,83
xgboost,timeout_msm_tau_1_0.83_tau_2_0.75_lb_4,timeout_msm,0.4227,0.1238,0.4183,0.5141,19,35,38,83
xgboost,timeout_msm_tau_1_0.83_tau_2_0.78_lb_4,timeout_msm,0.4227,0.1238,0.4183,0.5141,19,35,38,83
xgboost,timeout_msm_tau_1_0.8_tau_2_0.72_lb_4,timeout_msm,0.4227,0.1238,0.4183,0.5141,19,35,38,83
xgboost,timeout_msm_tau_1_0.8_tau_2_0.75_lb_4,timeout_msm,0.4227,0.1238,0.4183,0.5141,19,35,38,83
xgboost,spy_msm_tau_1_0.88_tau_2_0.78_lb_3,spy_msm,0.4224,0.129,0.4051,0.518,16,26,32,83
xgboost,msm_tau_1_0.83_tau_2_0.72_lb_6,msm,0.4218,0.1306,0.4231,0.5174,18,36,38,83
xgboost,msm_tau_1_0.83_tau_2_0.75_lb_6,msm,0.4218,0.1306,0.4231,0.5174,18,36,38,83
xgboost,msm_tau_1_0.83_tau_2_0.78_lb_6,msm,0.4218,0.1306,0.4231,0.5174,18,36,38,83
xgboost,msm_tau_1_0.88_tau_2_0.72_lb_6,msm,0.4218,0.1306,0.4231,0.5174,18,36,38,83
xgboost,msm_tau_1_0.88_tau_2_0.75_lb_6,msm,0.4218,0.1306,0.4231,0.5174,18,36,38,83
xgboost,msm_tau_1_0.88_tau_2_0.78_lb_6,msm,0.4218,0.1306,0.4231,0.5174,18,36,38,83
xgboost,msm_tau_1_0.8_tau_2_0.72_lb_6,msm,0.4218,0.1306,0.4231,0.5174,18,36,38,83
xgboost,msm_tau_1_0.8_tau_2_0.75_lb_6,msm,0.4218,0.1306,0.4231,0.5174,18,36,38,83
xgboost,msm_tau_1_0.88_tau_2_0.78_lb_4,msm,0.421,0.13,0.4231,0.5196,19,37,38,83
xgboost,spy_msm_tau_1_0.83_tau_2_0.72_lb_3,spy_msm,0.421,0.1114,0.4218,0.5083,15,24,30,83
xgboost,spy_msm_tau_1_0.83_tau_2_0.75_lb_3,spy_msm,0.421,0.1114,0.4218,0.5083,15,24,30,83
xgboost,spy_msm_tau_1_0.83_tau_2_0.78_lb_3,spy_msm,0.421,0.1114,0.4218,0.5083,15,24,30,83
xgboost,spy_msm_tau_1_0.8_tau_2_0.72_lb_3,spy_msm,0.421,0.1114,0.4218,0.5083,15,24,30,83
xgboost,spy_msm_tau_1_0.8_tau_2_0.75_lb_3,spy_msm,0.421,0.1114,0.4218,0.5083,15,24,30,83
xgboost,perf_drop_0.1_lookback_3,perf,0.4208,0.103,0.4101,0.506,12,15,25,83
xgboost,fixed_12,fixed,0.4204,0.1236,0.4247,0.4965,6,6,14,83
xgboost,perf_drop_0.03_lookback_4,perf,0.42,0.1211,0.4065,0.5187,16,34,34,83
xgboost,msm_tau_1_0.88_tau_2_0.72_lb_4,msm,0.4193,0.1226,0.4206,0.5113,19,37,38,83
xgboost,msm_tau_1_0.88_tau_2_0.75_lb_4,msm,0.4193,0.1226,0.4206,0.5113,19,37,38,83
xgboost,causal_tau_1_0.8_tau_2_0.72_lb_3,causal,0.4183,0.1218,0.4101,0.4697,16,26,32,83
xgboost,causal_tau_1_0.8_tau_2_0.75_lb_3,causal,0.4183,0.1218,0.4101,0.4697,16,26,32,83
xgboost,spy_msm_tau_1_0.88_tau_2_0.72_lb_4,spy_msm,0.4183,0.1128,0.4078,0.5156,17,29,34,83
xgboost,spy_msm_tau_1_0.88_tau_2_0.75_lb_4,spy_msm,0.4183,0.1128,0.4078,0.5156,17,29,34,83
xgboost,spy_msm_tau_1_0.83_tau_2_0.72_lb_6,spy_msm,0.4172,0.1138,0.424,0.523,16,29,32,83
xgboost,spy_msm_tau_1_0.83_tau_2_0.75_lb_6,spy_msm,0.4172,0.1138,0.424,0.523,16,29,32,83
xgboost,spy_msm_tau_1_0.83_tau_2_0.78_lb_6,spy_msm,0.4172,0.1138,0.424,0.523,16,29,32,83
xgboost,spy_msm_tau_1_0.8_tau_2_0.72_lb_6,spy_msm,0.4172,0.1138,0.424,0.523,16,29,32,83
xgboost,spy_msm_tau_1_0.8_tau_2_0.75_lb_6,spy_msm,0.4172,0.1138,0.424,0.523,16,29,32,83
xgboost,spy_msm_tau_1_0.88_tau_2_0.72_lb_3,spy_msm,0.4163,0.1154,0.4062,0.5143,15,25,30,83
xgboost,spy_msm_tau_1_0.88_tau_2_0.75_lb_3,spy_msm,0.4163,0.1154,0.4062,0.5143,15,26,30,83
xgboost,random,random,0.4152,0.1172,0.4051,0.515,6,6,14,83
xgboost,perf_drop_0.15_lookback_6,perf,0.4121,0.125,0.404,0.4939,4,6,10,83
xgboost,causal_tau_1_0.83_tau_2_0.78_lb_3,causal,0.4044,0.125,0.3843,0.4389,18,31,36,83
xgboost,causal_tau_1_0.83_tau_2_0.72_lb_4,causal,0.4036,0.1297,0.391,0.4323,19,34,38,83
xgboost,causal_tau_1_0.83_tau_2_0.75_lb_4,causal,0.4036,0.1297,0.391,0.4323,19,34,38,83
xgboost,causal_tau_1_0.83_tau_2_0.78_lb_4,causal,0.4036,0.1297,0.391,0.4323,19,34,38,83
xgboost,causal_tau_1_0.8_tau_2_0.72_lb_4,causal,0.4036,0.1297,0.391,0.4323,19,34,38,83
xgboost,causal_tau_1_0.8_tau_2_0.75_lb_4,causal,0.4036,0.1297,0.391,0.4323,19,34,38,83
xgboost,causal_tau_1_0.83_tau_2_0.72_lb_3,causal,0.4008,0.1205,0.3843,0.4373,18,30,36,83
xgboost,causal_tau_1_0.83_tau_2_0.75_lb_3,causal,0.4008,0.1205,0.3843,0.4373,18,30,36,83
xgboost,perf_drop_0.2_lookback_3,perf,0.3907,0.1152,0.3707,0.5455,2,3,6,83
xgboost,causal_tau_1_0.88_tau_2_0.78_lb_4,causal,0.3886,0.1163,0.3843,0.4356,19,37,38,83
xgboost,causal_tau_1_0.83_tau_2_0.72_lb_6,causal,0.3873,0.1171,0.3817,0.4288,18,36,38,83
xgboost,causal_tau_1_0.83_tau_2_0.75_lb_6,causal,0.3873,0.1171,0.3817,0.4288,18,36,38,83
xgboost,causal_tau_1_0.83_tau_2_0.78_lb_6,causal,0.3873,0.1171,0.3817,0.4288,18,36,38,83
xgboost,causal_tau_1_0.88_tau_2_0.72_lb_6,causal,0.3873,0.1171,0.3817,0.4288,18,36,38,83
xgboost,causal_tau_1_0.88_tau_2_0.75_lb_6,causal,0.3873,0.1171,0.3817,0.4288,18,36,38,83
xgboost,causal_tau_1_0.88_tau_2_0.78_lb_6,causal,0.3873,0.1171,0.3817,0.4288,18,36,38,83
xgboost,causal_tau_1_0.8_tau_2_0.72_lb_6,causal,0.3873,0.1171,0.3817,0.4288,18,36,38,83
xgboost,causal_tau_1_0.8_tau_2_0.75_lb_6,causal,0.3873,0.1171,0.3817,0.4288,18,36,38,83
xgboost,causal_tau_1_0.88_tau_2_0.72_lb_3,causal,0.3865,0.1103,0.3788,0.4298,19,33,38,83
xgboost,causal_tau_1_0.88_tau_2_0.72_lb_4,causal,0.3865,0.121,0.3843,0.43,19,37,38,83
xgboost,causal_tau_1_0.88_tau_2_0.75_lb_3,causal,0.3865,0.1103,0.3788,0.4298,19,34,38,83
xgboost,causal_tau_1_0.88_tau_2_0.75_lb_4,causal,0.3865,0.121,0.3843,0.43,19,37,38,83
xgboost,causal_tau_1_0.88_tau_2_0.78_lb_3,causal,0.3865,0.1103,0.3788,0.4298,19,34,38,83
xgboost,adwin_delta_0.01,adwin,0.3724,0.1169,0.3562,0.5654,0,0,2,83
xgboost,adwin_delta_0.05,adwin,0.3724,0.1169,0.3562,0.5654,0,0,2,83
xgboost,adwin_delta_0.1,adwin,0.3724,0.1169,0.3562,0.5654,0,0,2,83
xgboost,perf_drop_0.2_lookback_4,perf,0.3724,0.1169,0.3562,0.5654,0,0,2,83
xgboost,perf_drop_0.2_lookback_6,perf,0.3724,0.1169,0.3562,0.5654,0,0,2,83
xgboost,static,static,0.3724,0.1169,0.3562,0.5654,0,0,2,83
