model_type,retrainer,exp_type,class,class_name,f1
lr,adwin_delta_0.01,adwin,0,down,0.5377
lr,adwin_delta_0.01,adwin,1,neutral,0.3445
lr,adwin_delta_0.01,adwin,2,up,0.5621
lr,adwin_delta_0.05,adwin,0,down,0.5243
lr,adwin_delta_0.05,adwin,1,neutral,0.124
lr,adwin_delta_0.05,adwin,2,up,0.5784
lr,adwin_delta_0.1,adwin,0,down,0.5243
lr,adwin_delta_0.1,adwin,1,neutral,0.124
lr,adwin_delta_0.1,adwin,2,up,0.5784
lr,causal_tau_1_0.83_tau_2_0.72_lb_3,causal,0,down,0.4753
lr,causal_tau_1_0.83_tau_2_0.72_lb_3,causal,1,neutral,0.4617
lr,causal_tau_1_0.83_tau_2_0.72_lb_3,causal,2,up,0.4643
lr,causal_tau_1_0.83_tau_2_0.72_lb_4,causal,0,down,0.4746
lr,causal_tau_1_0.83_tau_2_0.72_lb_4,causal,1,neutral,0.4736
lr,causal_tau_1_0.83_tau_2_0.72_lb_4,causal,2,up,0.4588
lr,causal_tau_1_0.83_tau_2_0.72_lb_6,causal,0,down,0.4714
lr,causal_tau_1_0.83_tau_2_0.72_lb_6,causal,1,neutral,0.477
lr,causal_tau_1_0.83_tau_2_0.72_lb_6,causal,2,up,0.4506
lr,causal_tau_1_0.83_tau_2_0.75_lb_3,causal,0,down,0.4753
lr,causal_tau_1_0.83_tau_2_0.75_lb_3,causal,1,neutral,0.4617
lr,causal_tau_1_0.83_tau_2_0.75_lb_3,causal,2,up,0.4643
lr,causal_tau_1_0.83_tau_2_0.75_lb_4,causal,0,down,0.4746
lr,causal_tau_1_0.83_tau_2_0.75_lb_4,causal,1,neutral,0.4736
lr,causal_tau_1_0.83_tau_2_0.75_lb_4,causal,2,up,0.4588
lr,causal_tau_1_0.83_tau_2_0.75_lb_6,causal,0,down,0.4714
lr,causal_tau_1_0.83_tau_2_0.75_lb_6,causal,1,neutral,0.477
lr,causal_tau_1_0.83_tau_2_0.75_lb_6,causal,2,up,0.4506
lr,causal_tau_1_0.83_tau_2_0.78_lb_3,causal,0,down,0.471
lr,causal_tau_1_0.83_tau_2_0.78_lb_3,causal,1,neutral,0.4717
lr,causal_tau_1_0.83_tau_2_0.78_lb_3,causal,2,up,0.4589
lr,causal_tau_1_0.83_tau_2_0.78_lb_4,causal,0,down,0.4746
lr,causal_tau_1_0.83_tau_2_0.78_lb_4,causal,1,neutral,0.4736
lr,causal_tau_1_0.83_tau_2_0.78_lb_4,causal,2,up,0.4588
lr,causal_tau_1_0.83_tau_2_0.78_lb_6,causal,0,down,0.4714
lr,causal_tau_1_0.83_tau_2_0.78_lb_6,causal,1,neutral,0.477
lr,causal_tau_1_0.83_tau_2_0.78_lb_6,causal,2,up,0.4506
lr,causal_tau_1_0.88_tau_2_0.72_lb_3,causal,0,down,0.4764
lr,causal_tau_1_0.88_tau_2_0.72_lb_3,causal,1,neutral,0.4742
lr,causal_tau_1_0.88_tau_2_0.72_lb_3,causal,2,up,0.4532
lr,causal_tau_1_0.88_tau_2_0.72_lb_4,causal,0,down,0.4785
lr,causal_tau_1_0.88_tau_2_0.72_lb_4,causal,1,neutral,0.478
lr,causal_tau_1_0.88_tau_2_0.72_lb_4,causal,2,up,0.4545
lr,causal_tau_1_0.88_tau_2_0.72_lb_6,causal,0,down,0.4714
lr,causal_tau_1_0.88_tau_2_0.72_lb_6,causal,1,neutral,0.477
lr,causal_tau_1_0.88_tau_2_0.72_lb_6,causal,2,up,0.4506
lr,causal_tau_1_0.88_tau_2_0.75_lb_3,causal,0,down,0.4764
lr,causal_tau_1_0.88_tau_2_0.75_lb_3,causal,1,neutral,0.4742
lr,causal_tau_1_0.88_tau_2_0.75_lb_3,causal,2,up,0.4532
lr,causal_tau_1_0.88_tau_2_0.75_lb_4,causal,0,down,0.4785
lr,causal_tau_1_0.88_tau_2_0.75_lb_4,causal,1,neutral,0.478
lr,causal_tau_1_0.88_tau_2_0.75_lb_4,causal,2,up,0.4545
lr,causal_tau_1_0.88_tau_2_0.75_lb_6,causal,0,down,0.4714
lr,causal_tau_1_0.88_tau_2_0.75_lb_6,causal,1,neutral,0.477
lr,causal_tau_1_0.88_tau_2_0.75_lb_6,causal,2,up,0.4506
lr,causal_tau_1_0.88_tau_2_0.78_lb_3,causal,0,down,0.4764
lr,causal_tau_1_0.88_tau_2_0.78_lb_3,causal,1,neutral,0.4742
lr,causal_tau_1_0.88_tau_2_0.78_lb_3,causal,2,up,0.4532
lr,causal_tau_1_0.88_tau_2_0.78_lb_4,causal,0,down,0.479
lr,causal_tau_1_0.88_tau_2_0.78_lb_4,causal,1,neutral,0.487
lr,causal_tau_1_0.88_tau_2_0.78_lb_4,causal,2,up,0.4503
lr,causal_tau_1_0.88_tau_2_0.78_lb_6,causal,0,down,0.4714
lr,causal_tau_1_0.88_tau_2_0.78_lb_6,causal,1,neutral,0.477
lr,causal_tau_1_0.88_tau_2_0.78_lb_6,causal,2,up,0.4506
lr,causal_tau_1_0.8_tau_2_0.72_lb_3,causal,0,down,0.492
lr,causal_tau_1_0.8_tau_2_0.72_lb_3,causal,1,neutral,0.4746
lr,causal_tau_1_0.8_tau_2_0.72_lb_3,causal,2,up,0.461
lr,causal_tau_1_0.8_tau_2_0.72_lb_4,causal,0,down,0.4746
lr,causal_tau_1_0.8_tau_2_0.72_lb_4,causal,1,neutral,0.4736
lr,causal_tau_1_0.8_tau_2_0.72_lb_4,causal,2,up,0.4588
lr,causal_tau_1_0.8_tau_2_0.72_lb_6,causal,0,down,0.4714
lr,causal_tau_1_0.8_tau_2_0.72_lb_6,causal,1,neutral,0.477
lr,causal_tau_1_0.8_tau_2_0.72_lb_6,causal,2,up,0.4506
lr,causal_tau_1_0.8_tau_2_0.75_lb_3,causal,0,down,0.492
lr,causal_tau_1_0.8_tau_2_0.75_lb_3,causal,1,neutral,0.4746
lr,causal_tau_1_0.8_tau_2_0.75_lb_3,causal,2,up,0.461
lr,causal_tau_1_0.8_tau_2_0.75_lb_4,causal,0,down,0.4746
lr,causal_tau_1_0.8_tau_2_0.75_lb_4,causal,1,neutral,0.4736
lr,causal_tau_1_0.8_tau_2_0.75_lb_4,causal,2,up,0.4588
lr,causal_tau_1_0.8_tau_2_0.75_lb_6,causal,0,down,0.4714
lr,causal_tau_1_0.8_tau_2_0.75_lb_6,causal,1,neutral,0.477
lr,causal_tau_1_0.8_tau_2_0.75_lb_6,causal,2,up,0.4506
lr,fixed_12,fixed,0,down,0.5143
lr,fixed_12,fixed,1,neutral,0.4895
lr,fixed_12,fixed,2,up,0.502
lr,fixed_3,fixed,0,down,0.5415
lr,fixed_3,fixed,1,neutral,0.472
lr,fixed_3,fixed,2,up,0.5131
lr,fixed_6,fixed,0,down,0.5395
lr,fixed_6,fixed,1,neutral,0.4698
lr,fixed_6,fixed,2,up,0.5183
lr,fixed_9,fixed,0,down,0.5214
lr,fixed_9,fixed,1,neutral,0.4873
lr,fixed_9,fixed,2,up,0.5103
lr,msm_tau_1_0.83_tau_2_0.72_lb_3,msm,0,down,0.5447
lr,msm_tau_1_0.83_tau_2_0.72_lb_3,msm,1,neutral,0.4743
lr,msm_tau_1_0.83_tau_2_0.72_lb_3,msm,2,up,0.5182
lr,msm_tau_1_0.83_tau_2_0.72_lb_4,msm,0,down,0.5423
lr,msm_tau_1_0.83_tau_2_0.72_lb_4,msm,1,neutral,0.4773
lr,msm_tau_1_0.83_tau_2_0.72_lb_4,msm,2,up,0.5174
lr,msm_tau_1_0.83_tau_2_0.72_lb_6,msm,0,down,0.5365
lr,msm_tau_1_0.83_tau_2_0.72_lb_6,msm,1,neutral,0.4736
lr,msm_tau_1_0.83_tau_2_0.72_lb_6,msm,2,up,0.5283
lr,msm_tau_1_0.83_tau_2_0.75_lb_3,msm,0,down,0.5447
lr,msm_tau_1_0.83_tau_2_0.75_lb_3,msm,1,neutral,0.4743
lr,msm_tau_1_0.83_tau_2_0.75_lb_3,msm,2,up,0.5182
lr,msm_tau_1_0.83_tau_2_0.75_lb_4,msm,0,down,0.5423
lr,msm_tau_1_0.83_tau_2_0.75_lb_4,msm,1,neutral,0.4773
lr,msm_tau_1_0.83_tau_2_0.75_lb_4,msm,2,up,0.5174
lr,msm_tau_1_0.83_tau_2_0.75_lb_6,msm,0,down,0.5365
lr,msm_tau_1_0.83_tau_2_0.75_lb_6,msm,1,neutral,0.4736
lr,msm_tau_1_0.83_tau_2_0.75_lb_6,msm,2,up,0.5283
lr,msm_tau_1_0.83_tau_2_0.78_lb_3,msm,0,down,0.5387
lr,msm_tau_1_0.83_tau_2_0.78_lb_3,msm,1,neutral,0.4731
lr,msm_tau_1_0.83_tau_2_0.78_lb_3,msm,2,up,0.5186
lr,msm_tau_1_0.83_tau_2_0.78_lb_4,msm,0,down,0.5423
lr,msm_tau_1_0.83_tau_2_0.78_lb_4,msm,1,neutral,0.4773
lr,msm_tau_1_0.83_tau_2_0.78_lb_4,msm,2,up,0.5174
lr,msm_tau_1_0.83_tau_2_0.78_lb_6,msm,0,down,0.5365
lr,msm_tau_1_0.83_tau_2_0.78_lb_6,msm,1,neutral,0.4736
lr,msm_tau_1_0.83_tau_2_0.78_lb_6,msm,2,up,0.5283
lr,msm_tau_1_0.88_tau_2_0.72_lb_3,msm,0,down,0.5464
lr,msm_tau_1_0.88_tau_2_0.72_lb_3,msm,1,neutral,0.4758
lr,msm_tau_1_0.88_tau_2_0.72_lb_3,msm,2,up,0.5228
lr,msm_tau_1_0.88_tau_2_0.72_lb_4,msm,0,down,0.5475
lr,msm_tau_1_0.88_tau_2_0.72_lb_4,msm,1,neutral,0.4828
lr,msm_tau_1_0.88_tau_2_0.72_lb_4,msm,2,up,0.5188
lr,msm_tau_1_0.88_tau_2_0.72_lb_6,msm,0,down,0.5365
lr,msm_tau_1_0.88_tau_2_0.72_lb_6,msm,1,neutral,0.4736
lr,msm_tau_1_0.88_tau_2_0.72_lb_6,msm,2,up,0.5283
lr,msm_tau_1_0.88_tau_2_0.75_lb_3,msm,0,down,0.5464
lr,msm_tau_1_0.88_tau_2_0.75_lb_3,msm,1,neutral,0.4758
lr,msm_tau_1_0.88_tau_2_0.75_lb_3,msm,2,up,0.5228
lr,msm_tau_1_0.88_tau_2_0.75_lb_4,msm,0,down,0.5475
lr,msm_tau_1_0.88_tau_2_0.75_lb_4,msm,1,neutral,0.4828
lr,msm_tau_1_0.88_tau_2_0.75_lb_4,msm,2,up,0.5188
lr,msm_tau_1_0.88_tau_2_0.75_lb_6,msm,0,down,0.5365
lr,msm_tau_1_0.88_tau_2_0.75_lb_6,msm,1,neutral,0.4736
lr,msm_tau_1_0.88_tau_2_0.75_lb_6,msm,2,up,0.5283
lr,msm_tau_1_0.88_tau_2_0.78_lb_3,msm,0,down,0.5464
lr,msm_tau_1_0.88_tau_2_0.78_lb_3,msm,1,neutral,0.4758
lr,msm_tau_1_0.88_tau_2_0.78_lb_3,msm,2,up,0.5228
lr,msm_tau_1_0.88_tau_2_0.78_lb_4,msm,0,down,0.5358
lr,msm_tau_1_0.88_tau_2_0.78_lb_4,msm,1,neutral,0.4746
lr,msm_tau_1_0.88_tau_2_0.78_lb_4,msm,2,up,0.521
lr,msm_tau_1_0.88_tau_2_0.78_lb_6,msm,0,down,0.5365
lr,msm_tau_1_0.88_tau_2_0.78_lb_6,msm,1,neutral,0.4736
lr,msm_tau_1_0.88_tau_2_0.78_lb_6,msm,2,up,0.5283
lr,msm_tau_1_0.8_tau_2_0.72_lb_3,msm,0,down,0.5429
lr,msm_tau_1_0.8_tau_2_0.72_lb_3,msm,1,neutral,0.4749
lr,msm_tau_1_0.8_tau_2_0.72_lb_3,msm,2,up,0.5186
lr,msm_tau_1_0.8_tau_2_0.72_lb_4,msm,0,down,0.5423
lr,msm_tau_1_0.8_tau_2_0.72_lb_4,msm,1,neutral,0.4773
lr,msm_tau_1_0.8_tau_2_0.72_lb_4,msm,2,up,0.5174
lr,msm_tau_1_0.8_tau_2_0.72_lb_6,msm,0,down,0.5365
lr,msm_tau_1_0.8_tau_2_0.72_lb_6,msm,1,neutral,0.4736
lr,msm_tau_1_0.8_tau_2_0.72_lb_6,msm,2,up,0.5283
lr,msm_tau_1_0.8_tau_2_0.75_lb_3,msm,0,down,0.5429
lr,msm_tau_1_0.8_tau_2_0.75_lb_3,msm,1,neutral,0.4749
lr,msm_tau_1_0.8_tau_2_0.75_lb_3,msm,2,up,0.5186
lr,msm_tau_1_0.8_tau_2_0.75_lb_4,msm,0,down,0.5423
lr,msm_tau_1_0.8_tau_2_0.75_lb_4,msm,1,neutral,0.4773
lr,msm_tau_1_0.8_tau_2_0.75_lb_4,msm,2,up,0.5174
lr,msm_tau_1_0.8_tau_2_0.75_lb_6,msm,0,down,0.5365
lr,msm_tau_1_0.8_tau_2_0.75_lb_6,msm,1,neutral,0.4736
lr,msm_tau_1_0.8_tau_2_0.75_lb_6,msm,2,up,0.5283
lr,perf_drop_0.03_lookback_3,perf,0,down,0.5527
lr,perf_drop_0.03_lookback_3,perf,1,neutral,0.4847
lr,perf_drop_0.03_lookback_3,perf,2,up,0.5175
lr,perf_drop_0.03_lookback_4,perf,0,down,0.5475
lr,perf_drop_0.03_lookback_4,perf,1,neutral,0.4865
lr,perf_drop_0.03_lookback_4,perf,2,up,0.5178
lr,perf_drop_0.03_lookback_6,perf,0,down,0.5411
lr,perf_drop_0.03_lookback_6,perf,1,neutral,0.4875
lr,perf_drop_0.03_lookback_6,perf,2,up,0.5232
lr,perf_drop_0.05_lookback_3,perf,0,down,0.5485
lr,perf_drop_0.05_lookback_3,perf,1,neutral,0.4814
lr,perf_drop_0.05_lookback_3,perf,2,up,0.5259
lr,perf_drop_0.05_lookback_4,perf,0,down,0.5393
lr,perf_drop_0.05_lookback_4,perf,1,neutral,0.4878
lr,perf_drop_0.05_lookback_4,perf,2,up,0.5139
lr,perf_drop_0.05_lookback_6,perf,0,down,0.5431
lr,perf_drop_0.05_lookback_6,perf,1,neutral,0.4858
lr,perf_drop_0.05_lookback_6,perf,2,up,0.5217
lr,perf_drop_0.15_lookback_3,perf,0,down,0.5467
lr,perf_drop_0.15_lookback_3,perf,1,neutral,0.4501
lr,perf_drop_0.15_lookback_3,perf,2,up,0.5334
lr,perf_drop_0.15_lookback_4,perf,0,down,0.5284
lr,perf_drop_0.15_lookback_4,perf,1,neutral,0.4088
lr,perf_drop_0.15_lookback_4,perf,2,up,0.5174
lr,perf_drop_0.15_lookback_6,perf,0,down,0.5017
lr,perf_drop_0.15_lookback_6,perf,1,neutral,0.4755
lr,perf_drop_0.15_lookback_6,perf,2,up,0.5066
lr,perf_drop_0.1_lookback_3,perf,0,down,0.5431
lr,perf_drop_0.1_lookback_3,perf,1,neutral,0.4829
lr,perf_drop_0.1_lookback_3,perf,2,up,0.525
lr,perf_drop_0.1_lookback_4,perf,0,down,0.5456
lr,perf_drop_0.1_lookback_4,perf,1,neutral,0.4599
lr,perf_drop_0.1_lookback_4,perf,2,up,0.5257
lr,perf_drop_0.1_lookback_6,perf,0,down,0.5363
lr,perf_drop_0.1_lookback_6,perf,1,neutral,0.4424
lr,perf_drop_0.1_lookback_6,perf,2,up,0.5407
lr,perf_drop_0.2_lookback_3,perf,0,down,0.5306
lr,perf_drop_0.2_lookback_3,perf,1,neutral,0.441
lr,perf_drop_0.2_lookback_3,perf,2,up,0.5505
lr,perf_drop_0.2_lookback_4,perf,0,down,0.51
lr,perf_drop_0.2_lookback_4,perf,1,neutral,0.2674
lr,perf_drop_0.2_lookback_4,perf,2,up,0.519
lr,perf_drop_0.2_lookback_6,perf,0,down,0.5243
lr,perf_drop_0.2_lookback_6,perf,1,neutral,0.124
lr,perf_drop_0.2_lookback_6,perf,2,up,0.5784
lr,random,random,0,down,0.5188
lr,random,random,1,neutral,0.4775
lr,random,random,2,up,0.5121
lr,spy_msm_tau_1_0.83_tau_2_0.72_lb_3,spy_msm,0,down,0.5343
lr,spy_msm_tau_1_0.83_tau_2_0.72_lb_3,spy_msm,1,neutral,0.4706
lr,spy_msm_tau_1_0.83_tau_2_0.72_lb_3,spy_msm,2,up,0.5141
lr,spy_msm_tau_1_0.83_tau_2_0.72_lb_4,spy_msm,0,down,0.5343
lr,spy_msm_tau_1_0.83_tau_2_0.72_lb_4,spy_msm,1,neutral,0.477
lr,spy_msm_tau_1_0.83_tau_2_0.72_lb_4,spy_msm,2,up,0.5287
lr,spy_msm_tau_1_0.83_tau_2_0.72_lb_6,spy_msm,0,down,0.5348
lr,spy_msm_tau_1_0.83_tau_2_0.72_lb_6,spy_msm,1,neutral,0.4796
lr,spy_msm_tau_1_0.83_tau_2_0.72_lb_6,spy_msm,2,up,0.5255
lr,spy_msm_tau_1_0.83_tau_2_0.75_lb_3,spy_msm,0,down,0.5343
lr,spy_msm_tau_1_0.83_tau_2_0.75_lb_3,spy_msm,1,neutral,0.4706
lr,spy_msm_tau_1_0.83_tau_2_0.75_lb_3,spy_msm,2,up,0.5141
lr,spy_msm_tau_1_0.83_tau_2_0.75_lb_4,spy_msm,0,down,0.5343
lr,spy_msm_tau_1_0.83_tau_2_0.75_lb_4,spy_msm,1,neutral,0.477
lr,spy_msm_tau_1_0.83_tau_2_0.75_lb_4,spy_msm,2,up,0.5287
lr,spy_msm_tau_1_0.83_tau_2_0.75_lb_6,spy_msm,0,down,0.5348
lr,spy_msm_tau_1_0.83_tau_2_0.75_lb_6,spy_msm,1,neutral,0.4796
lr,spy_msm_tau_1_0.83_tau_2_0.75_lb_6,spy_msm,2,up,0.5255
lr,spy_msm_tau_1_0.83_tau_2_0.78_lb_3,spy_msm,0,down,0.5343
lr,spy_msm_tau_1_0.83_tau_2_0.78_lb_3,spy_msm,1,neutral,0.4706
lr,spy_msm_tau_1_0.83_tau_2_0.78_lb_3,spy_msm,2,up,0.5141
lr,spy_msm_tau_1_0.83_tau_2_0.78_lb_4,spy_msm,0,down,0.5343
lr,spy_msm_tau_1_0.83_tau_2_0.78_lb_4,spy_msm,1,neutral,0.477
lr,spy_msm_tau_1_0.83_tau_2_0.78_lb_4,spy_msm,2,up,0.5287
lr,spy_msm_tau_1_0.83_tau_2_0.78_lb_6,spy_msm,0,down,0.5348
lr,spy_msm_tau_1_0.83_tau_2_0.78_lb_6,spy_msm,1,neutral,0.4796
lr,spy_msm_tau_1_0.83_tau_2_0.78_lb_6,spy_msm,2,up,0.5255
lr,spy_msm_tau_1_0.88_tau_2_0.72_lb_3,spy_msm,0,down,0.5447
lr,spy_msm_tau_1_0.88_tau_2_0.72_lb_3,spy_msm,1,neutral,0.4826
lr,spy_msm_tau_1_0.88_tau_2_0.72_lb_3,spy_msm,2,up,0.5178
lr,spy_msm_tau_1_0.88_tau_2_0.72_lb_4,spy_msm,0,down,0.5416
lr,spy_msm_tau_1_0.88_tau_2_0.72_lb_4,spy_msm,1,neutral,0.4824
lr,spy_msm_tau_1_0.88_tau_2_0.72_lb_4,spy_msm,2,up,0.5236
lr,spy_msm_tau_1_0.88_tau_2_0.72_lb_6,spy_msm,0,down,0.5433
lr,spy_msm_tau_1_0.88_tau_2_0.72_lb_6,spy_msm,1,neutral,0.4812
lr,spy_msm_tau_1_0.88_tau_2_0.72_lb_6,spy_msm,2,up,0.5303
lr,spy_msm_tau_1_0.88_tau_2_0.75_lb_3,spy_msm,0,down,0.5447
lr,spy_msm_tau_1_0.88_tau_2_0.75_lb_3,spy_msm,1,neutral,0.4826
lr,spy_msm_tau_1_0.88_tau_2_0.75_lb_3,spy_msm,2,up,0.5178
lr,spy_msm_tau_1_0.88_tau_2_0.75_lb_4,spy_msm,0,down,0.5416
lr,spy_msm_tau_1_0.88_tau_2_0.75_lb_4,spy_msm,1,neutral,0.4824
lr,spy_msm_tau_1_0.88_tau_2_0.75_lb_4,spy_msm,2,up,0.5236
lr,spy_msm_tau_1_0.88_tau_2_0.75_lb_6,spy_msm,0,down,0.5433
lr,spy_msm_tau_1_0.88_tau_2_0.75_lb_6,spy_msm,1,neutral,0.4812
lr,spy_msm_tau_1_0.88_tau_2_0.75_lb_6,spy_msm,2,up,0.5303
lr,spy_msm_tau_1_0.88_tau_2_0.78_lb_3,spy_msm,0,down,0.5434
lr,spy_msm_tau_1_0.88_tau_2_0.78_lb_3,spy_msm,1,neutral,0.4829
lr,spy_msm_tau_1_0.88_tau_2_0.78_lb_3,spy_msm,2,up,0.5217
lr,spy_msm_tau_1_0.88_tau_2_0.78_lb_4,spy_msm,0,down,0.5312
lr,spy_msm_tau_1_0.88_tau_2_0.78_lb_4,spy_msm,1,neutral,0.4793
lr,spy_msm_tau_1_0.88_tau_2_0.78_lb_4,spy_msm,2,up,0.5231
lr,spy_msm_tau_1_0.88_tau_2_0.78_lb_6,spy_msm,0,down,0.5433
lr,spy_msm_tau_1_0.88_tau_2_0.78_lb_6,spy_msm,1,neutral,0.4812
lr,spy_msm_tau_1_0.88_tau_2_0.78_lb_6,spy_msm,2,up,0.5303
lr,spy_msm_tau_1_0.8_tau_2_0.72_lb_3,spy_msm,0,down,0.5343
lr,spy_msm_tau_1_0.8_tau_2_0.72_lb_3,spy_msm,1,neutral,0.4706
lr,spy_msm_tau_1_0.8_tau_2_0.72_lb_3,spy_msm,2,up,0.5141
lr,spy_msm_tau_1_0.8_tau_2_0.72_lb_4,spy_msm,0,down,0.5343
lr,spy_msm_tau_1_0.8_tau_2_0.72_lb_4,spy_msm,1,neutral,0.477
lr,spy_msm_tau_1_0.8_tau_2_0.72_lb_4,spy_msm,2,up,0.5287
lr,spy_msm_tau_1_0.8_tau_2_0.72_lb_6,spy_msm,0,down,0.5348
lr,spy_msm_tau_1_0.8_tau_2_0.72_lb_6,spy_msm,1,neutral,0.4796
lr,spy_msm_tau_1_0.8_tau_2_0.72_lb_6,spy_msm,2,up,0.5255
lr,spy_msm_tau_1_0.8_tau_2_0.75_lb_3,spy_msm,0,down,0.5343
lr,spy_msm_tau_1_0.8_tau_2_0.75_lb_3,spy_msm,1,neutral,0.4706
lr,spy_msm_tau_1_0.8_tau_2_0.75_lb_3,spy_msm,2,up,0.5141
lr,spy_msm_tau_1_0.8_tau_2_0.75_lb_4,spy_msm,0,down,0.5343
lr,spy_msm_tau_1_0.8_tau_2_0.75_lb_4,spy_msm,1,neutral,0.477
lr,spy_msm_tau_1_0.8_tau_2_0.75_lb_4,spy_msm,2,up,0.5287
lr,spy_msm_tau_1_0.8_tau_2_0.75_lb_6,spy_msm,0,down,0.5348
lr,spy_msm_tau_1_0.8_tau_2_0.75_lb_6,spy_msm,1,neutral,0.4796
lr,spy_msm_tau_1_0.8_tau_2_0.75_lb_6,spy_msm,2,up,0.5255
lr,static,static,0,down,0.5243
lr,static,static,1,neutral,0.124
lr,static,static,2,up,0.5784
lr,timeout_msm_tau_1_0.83_tau_2_0.72_lb_3,timeout_msm,0,down,0.5447
lr,timeout_msm_tau_1_0.83_tau_2_0.72_lb_3,timeout_msm,1,neutral,0.4743
lr,timeout_msm_tau_1_0.83_tau_2_0.72_lb_3,timeout_msm,2,up,0.5182
lr,timeout_msm_tau_1_0.83_tau_2_0.72_lb_4,timeout_msm,0,down,0.5413
lr,timeout_msm_tau_1_0.83_tau_2_0.72_lb_4,timeout_msm,1,neutral,0.4735
lr,timeout_msm_tau_1_0.83_tau_2_0.72_lb_4,timeout_msm,2,up,0.5197
lr,timeout_msm_tau_1_0.83_tau_2_0.72_lb_6,timeout_msm,0,down,0.5344
lr,timeout_msm_tau_1_0.83_tau_2_0.72_lb_6,timeout_msm,1,neutral,0.4713
lr,timeout_msm_tau_1_0.83_tau_2_0.72_lb_6,timeout_msm,2,up,0.5186
lr,timeout_msm_tau_1_0.83_tau_2_0.75_lb_3,timeout_msm,0,down,0.5447
lr,timeout_msm_tau_1_0.83_tau_2_0.75_lb_3,timeout_msm,1,neutral,0.4743
lr,timeout_msm_tau_1_0.83_tau_2_0.75_lb_3,timeout_msm,2,up,0.5182
lr,timeout_msm_tau_1_0.83_tau_2_0.75_lb_4,timeout_msm,0,down,0.5413
lr,timeout_msm_tau_1_0.83_tau_2_0.75_lb_4,timeout_msm,1,neutral,0.4735
lr,timeout_msm_tau_1_0.83_tau_2_0.75_lb_4,timeout_msm,2,up,0.5197
lr,timeout_msm_tau_1_0.83_tau_2_0.75_lb_6,timeout_msm,0,down,0.5344
lr,timeout_msm_tau_1_0.83_tau_2_0.75_lb_6,timeout_msm,1,neutral,0.4713
lr,timeout_msm_tau_1_0.83_tau_2_0.75_lb_6,timeout_msm,2,up,0.5186
lr,timeout_msm_tau_1_0.83_tau_2_0.78_lb_3,timeout_msm,0,down,0.5387
lr,timeout_msm_tau_1_0.83_tau_2_0.78_lb_3,timeout_msm,1,neutral,0.4731
lr,timeout_msm_tau_1_0.83_tau_2_0.78_lb_3,timeout_msm,2,up,0.5186
lr,timeout_msm_tau_1_0.83_tau_2_0.78_lb_4,timeout_msm,0,down,0.5413
lr,timeout_msm_tau_1_0.83_tau_2_0.78_lb_4,timeout_msm,1,neutral,0.4735
lr,timeout_msm_tau_1_0.83_tau_2_0.78_lb_4,timeout_msm,2,up,0.5197
lr,timeout_msm_tau_1_0.83_tau_2_0.78_lb_6,timeout_msm,0,down,0.5344
lr,timeout_msm_tau_1_0.83_tau_2_0.78_lb_6,timeout_msm,1,neutral,0.4713
lr,timeout_msm_tau_1_0.83_tau_2_0.78_lb_6,timeout_msm,2,up,0.5186
lr,timeout_msm_tau_1_0.88_tau_2_0.72_lb_3,timeout_msm,0,down,0.5464
lr,timeout_msm_tau_1_0.88_tau_2_0.72_lb_3,timeout_msm,1,neutral,0.4758
lr,timeout_msm_tau_1_0.88_tau_2_0.72_lb_3,timeout_msm,2,up,0.5228
lr,timeout_msm_tau_1_0.88_tau_2_0.72_lb_4,timeout_msm,0,down,0.5477
lr,timeout_msm_tau_1_0.88_tau_2_0.72_lb_4,timeout_msm,1,neutral,0.4784
lr,timeout_msm_tau_1_0.88_tau_2_0.72_lb_4,timeout_msm,2,up,0.5221
lr,timeout_msm_tau_1_0.88_tau_2_0.72_lb_6,timeout_msm,0,down,0.5344
lr,timeout_msm_tau_1_0.88_tau_2_0.72_lb_6,timeout_msm,1,neutral,0.4713
lr,timeout_msm_tau_1_0.88_tau_2_0.72_lb_6,timeout_msm,2,up,0.5186
lr,timeout_msm_tau_1_0.88_tau_2_0.75_lb_3,timeout_msm,0,down,0.5464
lr,timeout_msm_tau_1_0.88_tau_2_0.75_lb_3,timeout_msm,1,neutral,0.4758
lr,timeout_msm_tau_1_0.88_tau_2_0.75_lb_3,timeout_msm,2,up,0.5228
lr,timeout_msm_tau_1_0.88_tau_2_0.75_lb_4,timeout_msm,0,down,0.5464
lr,timeout_msm_tau_1_0.88_tau_2_0.75_lb_4,timeout_msm,1,neutral,0.4718
lr,timeout_msm_tau_1_0.88_tau_2_0.75_lb_4,timeout_msm,2,up,0.5198
lr,timeout_msm_tau_1_0.88_tau_2_0.75_lb_6,timeout_msm,0,down,0.5344
lr,timeout_msm_tau_1_0.88_tau_2_0.75_lb_6,timeout_msm,1,neutral,0.4713
lr,timeout_msm_tau_1_0.88_tau_2_0.75_lb_6,timeout_msm,2,up,0.5186
lr,timeout_msm_tau_1_0.88_tau_2_0.78_lb_3,timeout_msm,0,down,0.5464
lr,timeout_msm_tau_1_0.88_tau_2_0.78_lb_3,timeout_msm,1,neutral,0.4758
lr,timeout_msm_tau_1_0.88_tau_2_0.78_lb_3,timeout_msm,2,up,0.5228
lr,timeout_msm_tau_1_0.88_tau_2_0.78_lb_4,timeout_msm,0,down,0.5464
lr,timeout_msm_tau_1_0.88_tau_2_0.78_lb_4,timeout_msm,1,neutral,0.4718
lr,timeout_msm_tau_1_0.88_tau_2_0.78_lb_4,timeout_msm,2,up,0.5198
lr,timeout_msm_tau_1_0.88_tau_2_0.78_lb_6,timeout_msm,0,down,0.5344
lr,timeout_msm_tau_1_0.88_tau_2_0.78_lb_6,timeout_msm,1,neutral,0.4713
lr,timeout_msm_tau_1_0.88_tau_2_0.78_lb_6,timeout_msm,2,up,0.5186
lr,timeout_msm_tau_1_0.8_tau_2_0.72_lb_3,timeout_msm,0,down,0.5429
lr,timeout_msm_tau_1_0.8_tau_2_0.72_lb_3,timeout_msm,1,neutral,0.4749
lr,timeout_msm_tau_1_0.8_tau_2_0.72_lb_3,timeout_msm,2,up,0.5186
lr,timeout_msm_tau_1_0.8_tau_2_0.72_lb_4,timeout_msm,0,down,0.5413
lr,timeout_msm_tau_1_0.8_tau_2_0.72_lb_4,timeout_msm,1,neutral,0.4735
lr,timeout_msm_tau_1_0.8_tau_2_0.72_lb_4,timeout_msm,2,up,0.5197
lr,timeout_msm_tau_1_0.8_tau_2_0.72_lb_6,timeout_msm,0,down,0.5344
lr,timeout_msm_tau_1_0.8_tau_2_0.72_lb_6,timeout_msm,1,neutral,0.4713
lr,timeout_msm_tau_1_0.8_tau_2_0.72_lb_6,timeout_msm,2,up,0.5186
lr,timeout_msm_tau_1_0.8_tau_2_0.75_lb_3,timeout_msm,0,down,0.5429
lr,timeout_msm_tau_1_0.8_tau_2_0.75_lb_3,timeout_msm,1,neutral,0.4749
lr,timeout_msm_tau_1_0.8_tau_2_0.75_lb_3,timeout_msm,2,up,0.5186
lr,timeout_msm_tau_1_0.8_tau_2_0.75_lb_4,timeout_msm,0,down,0.5413
lr,timeout_msm_tau_1_0.8_tau_2_0.75_lb_4,timeout_msm,1,neutral,0.4735
lr,timeout_msm_tau_1_0.8_tau_2_0.75_lb_4,timeout_msm,2,up,0.5197
lr,timeout_msm_tau_1_0.8_tau_2_0.75_lb_6,timeout_msm,0,down,0.5344
lr,timeout_msm_tau_1_0.8_tau_2_0.75_lb_6,timeout_msm,1,neutral,0.4713
lr,timeout_msm_tau_1_0.8_tau_2_0.75_lb_6,timeout_msm,2,up,0.5186
rf,adwin_delta_0.01,adwin,0,down,0.5489
rf,adwin_delta_0.01,adwin,1,neutral,0.1132
rf,adwin_delta_0.01,adwin,2,up,0.504
rf,adwin_delta_0.05,adwin,0,down,0.5489
rf,adwin_delta_0.05,adwin,1,neutral,0.1132
rf,adwin_delta_0.05,adwin,2,up,0.504
rf,adwin_delta_0.1,adwin,0,down,0.5489
rf,adwin_delta_0.1,adwin,1,neutral,0.1132
rf,adwin_delta_0.1,adwin,2,up,0.504
rf,causal_tau_1_0.83_tau_2_0.72_lb_3,causal,0,down,0.4645
rf,causal_tau_1_0.83_tau_2_0.72_lb_3,causal,1,neutral,0.4712
rf,causal_tau_1_0.83_tau_2_0.72_lb_3,causal,2,up,0.46
rf,causal_tau_1_0.83_tau_2_0.72_lb_4,causal,0,down,0.4597
rf,causal_tau_1_0.83_tau_2_0.72_lb_4,causal,1,neutral,0.4615
rf,causal_tau_1_0.83_tau_2_0.72_lb_4,causal,2,up,0.469
rf,causal_tau_1_0.83_tau_2_0.72_lb_6,causal,0,down,0.4665
rf,causal_tau_1_0.83_tau_2_0.72_lb_6,causal,1,neutral,0.4471
rf,causal_tau_1_0.83_tau_2_0.72_lb_6,causal,2,up,0.461
rf,causal_tau_1_0.83_tau_2_0.75_lb_3,causal,0,down,0.4645
rf,causal_tau_1_0.83_tau_2_0.75_lb_3,causal,1,neutral,0.4712
rf,causal_tau_1_0.83_tau_2_0.75_lb_3,causal,2,up,0.46
rf,causal_tau_1_0.83_tau_2_0.75_lb_4,causal,0,down,0.4597
rf,causal_tau_1_0.83_tau_2_0.75_lb_4,causal,1,neutral,0.4615
rf,causal_tau_1_0.83_tau_2_0.75_lb_4,causal,2,up,0.469
rf,causal_tau_1_0.83_tau_2_0.75_lb_6,causal,0,down,0.4665
rf,causal_tau_1_0.83_tau_2_0.75_lb_6,causal,1,neutral,0.4471
rf,causal_tau_1_0.83_tau_2_0.75_lb_6,causal,2,up,0.461
rf,causal_tau_1_0.83_tau_2_0.78_lb_3,causal,0,down,0.455
rf,causal_tau_1_0.83_tau_2_0.78_lb_3,causal,1,neutral,0.4527
rf,causal_tau_1_0.83_tau_2_0.78_lb_3,causal,2,up,0.4572
rf,causal_tau_1_0.83_tau_2_0.78_lb_4,causal,0,down,0.4597
rf,causal_tau_1_0.83_tau_2_0.78_lb_4,causal,1,neutral,0.4615
rf,causal_tau_1_0.83_tau_2_0.78_lb_4,causal,2,up,0.469
rf,causal_tau_1_0.83_tau_2_0.78_lb_6,causal,0,down,0.4665
rf,causal_tau_1_0.83_tau_2_0.78_lb_6,causal,1,neutral,0.4471
rf,causal_tau_1_0.83_tau_2_0.78_lb_6,causal,2,up,0.461
rf,causal_tau_1_0.88_tau_2_0.72_lb_3,causal,0,down,0.4604
rf,causal_tau_1_0.88_tau_2_0.72_lb_3,causal,1,neutral,0.4389
rf,causal_tau_1_0.88_tau_2_0.72_lb_3,causal,2,up,0.4549
rf,causal_tau_1_0.88_tau_2_0.72_lb_4,causal,0,down,0.4595
rf,causal_tau_1_0.88_tau_2_0.72_lb_4,causal,1,neutral,0.4515
rf,causal_tau_1_0.88_tau_2_0.72_lb_4,causal,2,up,0.4441
rf,causal_tau_1_0.88_tau_2_0.72_lb_6,causal,0,down,0.4665
rf,causal_tau_1_0.88_tau_2_0.72_lb_6,causal,1,neutral,0.4471
rf,causal_tau_1_0.88_tau_2_0.72_lb_6,causal,2,up,0.461
rf,causal_tau_1_0.88_tau_2_0.75_lb_3,causal,0,down,0.4604
rf,causal_tau_1_0.88_tau_2_0.75_lb_3,causal,1,neutral,0.4389
rf,causal_tau_1_0.88_tau_2_0.75_lb_3,causal,2,up,0.4549
rf,causal_tau_1_0.88_tau_2_0.75_lb_4,causal,0,down,0.4595
rf,causal_tau_1_0.88_tau_2_0.75_lb_4,causal,1,neutral,0.4515
rf,causal_tau_1_0.88_tau_2_0.75_lb_4,causal,2,up,0.4441
rf,causal_tau_1_0.88_tau_2_0.75_lb_6,causal,0,down,0.4665
rf,causal_tau_1_0.88_tau_2_0.75_lb_6,causal,1,neutral,0.4471
rf,causal_tau_1_0.88_tau_2_0.75_lb_6,causal,2,up,0.461
rf,causal_tau_1_0.88_tau_2_0.78_lb_3,causal,0,down,0.4604
rf,causal_tau_1_0.88_tau_2_0.78_lb_3,causal,1,neutral,0.4389
rf,causal_tau_1_0.88_tau_2_0.78_lb_3,causal,2,up,0.4549
rf,causal_tau_1_0.88_tau_2_0.78_lb_4,causal,0,down,0.4777
rf,causal_tau_1_0.88_tau_2_0.78_lb_4,causal,1,neutral,0.4472
rf,causal_tau_1_0.88_tau_2_0.78_lb_4,causal,2,up,0.4603
rf,causal_tau_1_0.88_tau_2_0.78_lb_6,causal,0,down,0.4665
rf,causal_tau_1_0.88_tau_2_0.78_lb_6,causal,1,neutral,0.4471
rf,causal_tau_1_0.88_tau_2_0.78_lb_6,causal,2,up,0.461
rf,causal_tau_1_0.8_tau_2_0.72_lb_3,causal,0,down,0.4982
rf,causal_tau_1_0.8_tau_2_0.72_lb_3,causal,1,neutral,0.4714
rf,causal_tau_1_0.8_tau_2_0.72_lb_3,causal,2,up,0.5016
rf,causal_tau_1_0.8_tau_2_0.72_lb_4,causal,0,down,0.4597
rf,causal_tau_1_0.8_tau_2_0.72_lb_4,causal,1,neutral,0.4615
rf,causal_tau_1_0.8_tau_2_0.72_lb_4,causal,2,up,0.469
rf,causal_tau_1_0.8_tau_2_0.72_lb_6,causal,0,down,0.4665
rf,causal_tau_1_0.8_tau_2_0.72_lb_6,causal,1,neutral,0.4471
rf,causal_tau_1_0.8_tau_2_0.72_lb_6,causal,2,up,0.461
rf,causal_tau_1_0.8_tau_2_0.75_lb_3,causal,0,down,0.4982
rf,causal_tau_1_0.8_tau_2_0.75_lb_3,causal,1,neutral,0.4714
rf,causal_tau_1_0.8_tau_2_0.75_lb_3,causal,2,up,0.5016
rf,causal_tau_1_0.8_tau_2_0.75_lb_4,causal,0,down,0.4597
rf,causal_tau_1_0.8_tau_2_0.75_lb_4,causal,1,neutral,0.4615
rf,causal_tau_1_0.8_tau_2_0.75_lb_4,causal,2,up,0.469
rf,causal_tau_1_0.8_tau_2_0.75_lb_6,causal,0,down,0.4665
rf,causal_tau_1_0.8_tau_2_0.75_lb_6,causal,1,neutral,0.4471
rf,causal_tau_1_0.8_tau_2_0.75_lb_6,causal,2,up,0.461
rf,fixed_12,fixed,0,down,0.5192
rf,fixed_12,fixed,1,neutral,0.4505
rf,fixed_12,fixed,2,up,0.5151
rf,fixed_3,fixed,0,down,0.542
rf,fixed_3,fixed,1,neutral,0.4607
rf,fixed_3,fixed,2,up,0.524
rf,fixed_6,fixed,0,down,0.538
rf,fixed_6,fixed,1,neutral,0.4518
rf,fixed_6,fixed,2,up,0.5295
rf,fixed_9,fixed,0,down,0.5216
rf,fixed_9,fixed,1,neutral,0.4514
rf,fixed_9,fixed,2,up,0.5185
rf,msm_tau_1_0.83_tau_2_0.72_lb_3,msm,0,down,0.5465
rf,msm_tau_1_0.83_tau_2_0.72_lb_3,msm,1,neutral,0.4637
rf,msm_tau_1_0.83_tau_2_0.72_lb_3,msm,2,up,0.5263
rf,msm_tau_1_0.83_tau_2_0.72_lb_4,msm,0,down,0.5546
rf,msm_tau_1_0.83_tau_2_0.72_lb_4,msm,1,neutral,0.4557
rf,msm_tau_1_0.83_tau_2_0.72_lb_4,msm,2,up,0.5375
rf,msm_tau_1_0.83_tau_2_0.72_lb_6,msm,0,down,0.5433
rf,msm_tau_1_0.83_tau_2_0.72_lb_6,msm,1,neutral,0.4429
rf,msm_tau_1_0.83_tau_2_0.72_lb_6,msm,2,up,0.5234
rf,msm_tau_1_0.83_tau_2_0.75_lb_3,msm,0,down,0.5465
rf,msm_tau_1_0.83_tau_2_0.75_lb_3,msm,1,neutral,0.4637
rf,msm_tau_1_0.83_tau_2_0.75_lb_3,msm,2,up,0.5263
rf,msm_tau_1_0.83_tau_2_0.75_lb_4,msm,0,down,0.5546
rf,msm_tau_1_0.83_tau_2_0.75_lb_4,msm,1,neutral,0.4557
rf,msm_tau_1_0.83_tau_2_0.75_lb_4,msm,2,up,0.5375
rf,msm_tau_1_0.83_tau_2_0.75_lb_6,msm,0,down,0.5433
rf,msm_tau_1_0.83_tau_2_0.75_lb_6,msm,1,neutral,0.4429
rf,msm_tau_1_0.83_tau_2_0.75_lb_6,msm,2,up,0.5234
rf,msm_tau_1_0.83_tau_2_0.78_lb_3,msm,0,down,0.5497
rf,msm_tau_1_0.83_tau_2_0.78_lb_3,msm,1,neutral,0.4636
rf,msm_tau_1_0.83_tau_2_0.78_lb_3,msm,2,up,0.5242
rf,msm_tau_1_0.83_tau_2_0.78_lb_4,msm,0,down,0.5546
rf,msm_tau_1_0.83_tau_2_0.78_lb_4,msm,1,neutral,0.4557
rf,msm_tau_1_0.83_tau_2_0.78_lb_4,msm,2,up,0.5375
rf,msm_tau_1_0.83_tau_2_0.78_lb_6,msm,0,down,0.5433
rf,msm_tau_1_0.83_tau_2_0.78_lb_6,msm,1,neutral,0.4429
rf,msm_tau_1_0.83_tau_2_0.78_lb_6,msm,2,up,0.5234
rf,msm_tau_1_0.88_tau_2_0.72_lb_3,msm,0,down,0.5375
rf,msm_tau_1_0.88_tau_2_0.72_lb_3,msm,1,neutral,0.4552
rf,msm_tau_1_0.88_tau_2_0.72_lb_3,msm,2,up,0.5206
rf,msm_tau_1_0.88_tau_2_0.72_lb_4,msm,0,down,0.5451
rf,msm_tau_1_0.88_tau_2_0.72_lb_4,msm,1,neutral,0.4451
rf,msm_tau_1_0.88_tau_2_0.72_lb_4,msm,2,up,0.5257
rf,msm_tau_1_0.88_tau_2_0.72_lb_6,msm,0,down,0.5433
rf,msm_tau_1_0.88_tau_2_0.72_lb_6,msm,1,neutral,0.4429
rf,msm_tau_1_0.88_tau_2_0.72_lb_6,msm,2,up,0.5234
rf,msm_tau_1_0.88_tau_2_0.75_lb_3,msm,0,down,0.5375
rf,msm_tau_1_0.88_tau_2_0.75_lb_3,msm,1,neutral,0.4552
rf,msm_tau_1_0.88_tau_2_0.75_lb_3,msm,2,up,0.5206
rf,msm_tau_1_0.88_tau_2_0.75_lb_4,msm,0,down,0.5451
rf,msm_tau_1_0.88_tau_2_0.75_lb_4,msm,1,neutral,0.4451
rf,msm_tau_1_0.88_tau_2_0.75_lb_4,msm,2,up,0.5257
rf,msm_tau_1_0.88_tau_2_0.75_lb_6,msm,0,down,0.5433
rf,msm_tau_1_0.88_tau_2_0.75_lb_6,msm,1,neutral,0.4429
rf,msm_tau_1_0.88_tau_2_0.75_lb_6,msm,2,up,0.5234
rf,msm_tau_1_0.88_tau_2_0.78_lb_3,msm,0,down,0.5375
rf,msm_tau_1_0.88_tau_2_0.78_lb_3,msm,1,neutral,0.4552
rf,msm_tau_1_0.88_tau_2_0.78_lb_3,msm,2,up,0.5206
rf,msm_tau_1_0.88_tau_2_0.78_lb_4,msm,0,down,0.5477
rf,msm_tau_1_0.88_tau_2_0.78_lb_4,msm,1,neutral,0.4504
rf,msm_tau_1_0.88_tau_2_0.78_lb_4,msm,2,up,0.5283
rf,msm_tau_1_0.88_tau_2_0.78_lb_6,msm,0,down,0.5433
rf,msm_tau_1_0.88_tau_2_0.78_lb_6,msm,1,neutral,0.4429
rf,msm_tau_1_0.88_tau_2_0.78_lb_6,msm,2,up,0.5234
rf,msm_tau_1_0.8_tau_2_0.72_lb_3,msm,0,down,0.5481
rf,msm_tau_1_0.8_tau_2_0.72_lb_3,msm,1,neutral,0.465
rf,msm_tau_1_0.8_tau_2_0.72_lb_3,msm,2,up,0.5228
rf,msm_tau_1_0.8_tau_2_0.72_lb_4,msm,0,down,0.5546
rf,msm_tau_1_0.8_tau_2_0.72_lb_4,msm,1,neutral,0.4557
rf,msm_tau_1_0.8_tau_2_0.72_lb_4,msm,2,up,0.5375
rf,msm_tau_1_0.8_tau_2_0.72_lb_6,msm,0,down,0.5433
rf,msm_tau_1_0.8_tau_2_0.72_lb_6,msm,1,neutral,0.4429
rf,msm_tau_1_0.8_tau_2_0.72_lb_6,msm,2,up,0.5234
rf,msm_tau_1_0.8_tau_2_0.75_lb_3,msm,0,down,0.5481
rf,msm_tau_1_0.8_tau_2_0.75_lb_3,msm,1,neutral,0.465
rf,msm_tau_1_0.8_tau_2_0.75_lb_3,msm,2,up,0.5228
rf,msm_tau_1_0.8_tau_2_0.75_lb_4,msm,0,down,0.5546
rf,msm_tau_1_0.8_tau_2_0.75_lb_4,msm,1,neutral,0.4557
rf,msm_tau_1_0.8_tau_2_0.75_lb_4,msm,2,up,0.5375
rf,msm_tau_1_0.8_tau_2_0.75_lb_6,msm,0,down,0.5433
rf,msm_tau_1_0.8_tau_2_0.75_lb_6,msm,1,neutral,0.4429
rf,msm_tau_1_0.8_tau_2_0.75_lb_6,msm,2,up,0.5234
rf,perf_drop_0.03_lookback_3,perf,0,down,0.5544
rf,perf_drop_0.03_lookback_3,perf,1,neutral,0.4548
rf,perf_drop_0.03_lookback_3,perf,2,up,0.5099
rf,perf_drop_0.03_lookback_4,perf,0,down,0.5396
rf,perf_drop_0.03_lookback_4,perf,1,neutral,0.4608
rf,perf_drop_0.03_lookback_4,perf,2,up,0.5133
rf,perf_drop_0.03_lookback_6,perf,0,down,0.5621
rf,perf_drop_0.03_lookback_6,perf,1,neutral,0.4581
rf,perf_drop_0.03_lookback_6,perf,2,up,0.5278
rf,perf_drop_0.05_lookback_3,perf,0,down,0.5405
rf,perf_drop_0.05_lookback_3,perf,1,neutral,0.4524
rf,perf_drop_0.05_lookback_3,perf,2,up,0.516
rf,perf_drop_0.05_lookback_4,perf,0,down,0.5336
rf,perf_drop_0.05_lookback_4,perf,1,neutral,0.4501
rf,perf_drop_0.05_lookback_4,perf,2,up,0.5093
rf,perf_drop_0.05_lookback_6,perf,0,down,0.5363
rf,perf_drop_0.05_lookback_6,perf,1,neutral,0.4478
rf,perf_drop_0.05_lookback_6,perf,2,up,0.5192
rf,perf_drop_0.15_lookback_3,perf,0,down,0.5412
rf,perf_drop_0.15_lookback_3,perf,1,neutral,0.4086
rf,perf_drop_0.15_lookback_3,perf,2,up,0.5149
rf,perf_drop_0.15_lookback_4,perf,0,down,0.5489
rf,perf_drop_0.15_lookback_4,perf,1,neutral,0.1132
rf,perf_drop_0.15_lookback_4,perf,2,up,0.504
rf,perf_drop_0.15_lookback_6,perf,0,down,0.5489
rf,perf_drop_0.15_lookback_6,perf,1,neutral,0.1132
rf,perf_drop_0.15_lookback_6,perf,2,up,0.504
rf,perf_drop_0.1_lookback_3,perf,0,down,0.559
rf,perf_drop_0.1_lookback_3,perf,1,neutral,0.4634
rf,perf_drop_0.1_lookback_3,perf,2,up,0.5234
rf,perf_drop_0.1_lookback_4,perf,0,down,0.4991
rf,perf_drop_0.1_lookback_4,perf,1,neutral,0.4416
rf,perf_drop_0.1_lookback_4,perf,2,up,0.5244
rf,perf_drop_0.1_lookback_6,perf,0,down,0.554
rf,perf_drop_0.1_lookback_6,perf,1,neutral,0.4175
rf,perf_drop_0.1_lookback_6,perf,2,up,0.5123
rf,perf_drop_0.2_lookback_3,perf,0,down,0.5489
rf,perf_drop_0.2_lookback_3,perf,1,neutral,0.1132
rf,perf_drop_0.2_lookback_3,perf,2,up,0.504
rf,perf_drop_0.2_lookback_4,perf,0,down,0.5489
rf,perf_drop_0.2_lookback_4,perf,1,neutral,0.1132
rf,perf_drop_0.2_lookback_4,perf,2,up,0.504
rf,perf_drop_0.2_lookback_6,perf,0,down,0.5489
rf,perf_drop_0.2_lookback_6,perf,1,neutral,0.1132
rf,perf_drop_0.2_lookback_6,perf,2,up,0.504
rf,random,random,0,down,0.4873
rf,random,random,1,neutral,0.4224
rf,random,random,2,up,0.5122
rf,spy_msm_tau_1_0.83_tau_2_0.72_lb_3,spy_msm,0,down,0.5302
rf,spy_msm_tau_1_0.83_tau_2_0.72_lb_3,spy_msm,1,neutral,0.4633
rf,spy_msm_tau_1_0.83_tau_2_0.72_lb_3,spy_msm,2,up,0.5292
rf,spy_msm_tau_1_0.83_tau_2_0.72_lb_4,spy_msm,0,down,0.5311
rf,spy_msm_tau_1_0.83_tau_2_0.72_lb_4,spy_msm,1,neutral,0.4373
rf,spy_msm_tau_1_0.83_tau_2_0.72_lb_4,spy_msm,2,up,0.5365
rf,spy_msm_tau_1_0.83_tau_2_0.72_lb_6,spy_msm,0,down,0.5294
rf,spy_msm_tau_1_0.83_tau_2_0.72_lb_6,spy_msm,1,neutral,0.4438
rf,spy_msm_tau_1_0.83_tau_2_0.72_lb_6,spy_msm,2,up,0.5281
rf,spy_msm_tau_1_0.83_tau_2_0.75_lb_3,spy_msm,0,down,0.5302
rf,spy_msm_tau_1_0.83_tau_2_0.75_lb_3,spy_msm,1,neutral,0.4633
rf,spy_msm_tau_1_0.83_tau_2_0.75_lb_3,spy_msm,2,up,0.5292
rf,spy_msm_tau_1_0.83_tau_2_0.75_lb_4,spy_msm,0,down,0.5311
rf,spy_msm_tau_1_0.83_tau_2_0.75_lb_4,spy_msm,1,neutral,0.4373
rf,spy_msm_tau_1_0.83_tau_2_0.75_lb_4,spy_msm,2,up,0.5365
rf,spy_msm_tau_1_0.83_tau_2_0.75_lb_6,spy_msm,0,down,0.5294
rf,spy_msm_tau_1_0.83_tau_2_0.75_lb_6,spy_msm,1,neutral,0.4438
rf,spy_msm_tau_1_0.83_tau_2_0.75_lb_6,spy_msm,2,up,0.5281
rf,spy_msm_tau_1_0.83_tau_2_0.78_lb_3,spy_msm,0,down,0.5302
rf,spy_msm_tau_1_0.83_tau_2_0.78_lb_3,spy_msm,1,neutral,0.4633
rf,spy_msm_tau_1_0.83_tau_2_0.78_lb_3,spy_msm,2,up,0.5292
rf,spy_msm_tau_1_0.83_tau_2_0.78_lb_4,spy_msm,0,down,0.5311
rf,spy_msm_tau_1_0.83_tau_2_0.78_lb_4,spy_msm,1,neutral,0.4373
rf,spy_msm_tau_1_0.83_tau_2_0.78_lb_4,spy_msm,2,up,0.5365
rf,spy_msm_tau_1_0.83_tau_2_0.78_lb_6,spy_msm,0,down,0.5294
rf,spy_msm_tau_1_0.83_tau_2_0.78_lb_6,spy_msm,1,neutral,0.4438
rf,spy_msm_tau_1_0.83_tau_2_0.78_lb_6,spy_msm,2,up,0.5281
rf,spy_msm_tau_1_0.88_tau_2_0.72_lb_3,spy_msm,0,down,0.5577
rf,spy_msm_tau_1_0.88_tau_2_0.72_lb_3,spy_msm,1,neutral,0.4527
rf,spy_msm_tau_1_0.88_tau_2_0.72_lb_3,spy_msm,2,up,0.5297
rf,spy_msm_tau_1_0.88_tau_2_0.72_lb_4,spy_msm,0,down,0.5392
rf,spy_msm_tau_1_0.88_tau_2_0.72_lb_4,spy_msm,1,neutral,0.4524
rf,spy_msm_tau_1_0.88_tau_2_0.72_lb_4,spy_msm,2,up,0.5334
rf,spy_msm_tau_1_0.88_tau_2_0.72_lb_6,spy_msm,0,down,0.5434
rf,spy_msm_tau_1_0.88_tau_2_0.72_lb_6,spy_msm,1,neutral,0.4412
rf,spy_msm_tau_1_0.88_tau_2_0.72_lb_6,spy_msm,2,up,0.5259
rf,spy_msm_tau_1_0.88_tau_2_0.75_lb_3,spy_msm,0,down,0.5577
rf,spy_msm_tau_1_0.88_tau_2_0.75_lb_3,spy_msm,1,neutral,0.4527
rf,spy_msm_tau_1_0.88_tau_2_0.75_lb_3,spy_msm,2,up,0.5297
rf,spy_msm_tau_1_0.88_tau_2_0.75_lb_4,spy_msm,0,down,0.5392
rf,spy_msm_tau_1_0.88_tau_2_0.75_lb_4,spy_msm,1,neutral,0.4524
rf,spy_msm_tau_1_0.88_tau_2_0.75_lb_4,spy_msm,2,up,0.5334
rf,spy_msm_tau_1_0.88_tau_2_0.75_lb_6,spy_msm,0,down,0.5434
rf,spy_msm_tau_1_0.88_tau_2_0.75_lb_6,spy_msm,1,neutral,0.4412
rf,spy_msm_tau_1_0.88_tau_2_0.75_lb_6,spy_msm,2,up,0.5259
rf,spy_msm_tau_1_0.88_tau_2_0.78_lb_3,spy_msm,0,down,0.5651
rf,spy_msm_tau_1_0.88_tau_2_0.78_lb_3,spy_msm,1,neutral,0.4645
rf,spy_msm_tau_1_0.88_tau_2_0.78_lb_3,spy_msm,2,up,0.5305
rf,spy_msm_tau_1_0.88_tau_2_0.78_lb_4,spy_msm,0,down,0.5436
rf,spy_msm_tau_1_0.88_tau_2_0.78_lb_4,spy_msm,1,neutral,0.4543
rf,spy_msm_tau_1_0.88_tau_2_0.78_lb_4,spy_msm,2,up,0.5357
rf,spy_msm_tau_1_0.88_tau_2_0.78_lb_6,spy_msm,0,down,0.5434
rf,spy_msm_tau_1_0.88_tau_2_0.78_lb_6,spy_msm,1,neutral,0.4412
rf,spy_msm_tau_1_0.88_tau_2_0.78_lb_6,spy_msm,2,up,0.5259
rf,spy_msm_tau_1_0.8_tau_2_0.72_lb_3,spy_msm,0,down,0.5302
rf,spy_msm_tau_1_0.8_tau_2_0.72_lb_3,spy_msm,1,neutral,0.4633
rf,spy_msm_tau_1_0.8_tau_2_0.72_lb_3,spy_msm,2,up,0.5292
rf,spy_msm_tau_1_0.8_tau_2_0.72_lb_4,spy_msm,0,down,0.5311
rf,spy_msm_tau_1_0.8_tau_2_0.72_lb_4,spy_msm,1,neutral,0.4373
rf,spy_msm_tau_1_0.8_tau_2_0.72_lb_4,spy_msm,2,up,0.5365
rf,spy_msm_tau_1_0.8_tau_2_0.72_lb_6,spy_msm,0,down,0.5294
rf,spy_msm_tau_1_0.8_tau_2_0.72_lb_6,spy_msm,1,neutral,0.4438
rf,spy_msm_tau_1_0.8_tau_2_0.72_lb_6,spy_msm,2,up,0.5281
rf,spy_msm_tau_1_0.8_tau_2_0.75_lb_3,spy_msm,0,down,0.5302
rf,spy_msm_tau_1_0.8_tau_2_0.75_lb_3,spy_msm,1,neutral,0.4633
rf,spy_msm_tau_1_0.8_tau_2_0.75_lb_3,spy_msm,2,up,0.5292
rf,spy_msm_tau_1_0.8_tau_2_0.75_lb_4,spy_msm,0,down,0.5311
rf,spy_msm_tau_1_0.8_tau_2_0.75_lb_4,spy_msm,1,neutral,0.4373
rf,spy_msm_tau_1_0.8_tau_2_0.75_lb_4,spy_msm,2,up,0.5365
rf,spy_msm_tau_1_0.8_tau_2_0.75_lb_6,spy_msm,0,down,0.5294
rf,spy_msm_tau_1_0.8_tau_2_0.75_lb_6,spy_msm,1,neutral,0.4438
rf,spy_msm_tau_1_0.8_tau_2_0.75_lb_6,spy_msm,2,up,0.5281
rf,static,static,0,down,0.5489
rf,static,static,1,neutral,0.1132
rf,static,static,2,up,0.504
rf,timeout_msm_tau_1_0.83_tau_2_0.72_lb_3,timeout_msm,0,down,0.5465
rf,timeout_msm_tau_1_0.83_tau_2_0.72_lb_3,timeout_msm,1,neutral,0.4637
rf,timeout_msm_tau_1_0.83_tau_2_0.72_lb_3,timeout_msm,2,up,0.5263
rf,timeout_msm_tau_1_0.83_tau_2_0.72_lb_4,timeout_msm,0,down,0.5475
rf,timeout_msm_tau_1_0.83_tau_2_0.72_lb_4,timeout_msm,1,neutral,0.4646
rf,timeout_msm_tau_1_0.83_tau_2_0.72_lb_4,timeout_msm,2,up,0.5237
rf,timeout_msm_tau_1_0.83_tau_2_0.72_lb_6,timeout_msm,0,down,0.5462
rf,timeout_msm_tau_1_0.83_tau_2_0.72_lb_6,timeout_msm,1,neutral,0.4514
rf,timeout_msm_tau_1_0.83_tau_2_0.72_lb_6,timeout_msm,2,up,0.5201
rf,timeout_msm_tau_1_0.83_tau_2_0.75_lb_3,timeout_msm,0,down,0.5465
rf,timeout_msm_tau_1_0.83_tau_2_0.75_lb_3,timeout_msm,1,neutral,0.4637
rf,timeout_msm_tau_1_0.83_tau_2_0.75_lb_3,timeout_msm,2,up,0.5263
rf,timeout_msm_tau_1_0.83_tau_2_0.75_lb_4,timeout_msm,0,down,0.5475
rf,timeout_msm_tau_1_0.83_tau_2_0.75_lb_4,timeout_msm,1,neutral,0.4646
rf,timeout_msm_tau_1_0.83_tau_2_0.75_lb_4,timeout_msm,2,up,0.5237
rf,timeout_msm_tau_1_0.83_tau_2_0.75_lb_6,timeout_msm,0,down,0.5462
rf,timeout_msm_tau_1_0.83_tau_2_0.75_lb_6,timeout_msm,1,neutral,0.4514
rf,timeout_msm_tau_1_0.83_tau_2_0.75_lb_6,timeout_msm,2,up,0.5201
rf,timeout_msm_tau_1_0.83_tau_2_0.78_lb_3,timeout_msm,0,down,0.5497
rf,timeout_msm_tau_1_0.83_tau_2_0.78_lb_3,timeout_msm,1,neutral,0.4636
rf,timeout_msm_tau_1_0.83_tau_2_0.78_lb_3,timeout_msm,2,up,0.5242
rf,timeout_msm_tau_1_0.83_tau_2_0.78_lb_4,timeout_msm,0,down,0.5475
rf,timeout_msm_tau_1_0.83_tau_2_0.78_lb_4,timeout_msm,1,neutral,0.4646
rf,timeout_msm_tau_1_0.83_tau_2_0.78_lb_4,timeout_msm,2,up,0.5237
rf,timeout_msm_tau_1_0.83_tau_2_0.78_lb_6,timeout_msm,0,down,0.5462
rf,timeout_msm_tau_1_0.83_tau_2_0.78_lb_6,timeout_msm,1,neutral,0.4514
rf,timeout_msm_tau_1_0.83_tau_2_0.78_lb_6,timeout_msm,2,up,0.5201
rf,timeout_msm_tau_1_0.88_tau_2_0.72_lb_3,timeout_msm,0,down,0.5375
rf,timeout_msm_tau_1_0.88_tau_2_0.72_lb_3,timeout_msm,1,neutral,0.4552
rf,timeout_msm_tau_1_0.88_tau_2_0.72_lb_3,timeout_msm,2,up,0.5206
rf,timeout_msm_tau_1_0.88_tau_2_0.72_lb_4,timeout_msm,0,down,0.5475
rf,timeout_msm_tau_1_0.88_tau_2_0.72_lb_4,timeout_msm,1,neutral,0.469
rf,timeout_msm_tau_1_0.88_tau_2_0.72_lb_4,timeout_msm,2,up,0.518
rf,timeout_msm_tau_1_0.88_tau_2_0.72_lb_6,timeout_msm,0,down,0.5462
rf,timeout_msm_tau_1_0.88_tau_2_0.72_lb_6,timeout_msm,1,neutral,0.4514
rf,timeout_msm_tau_1_0.88_tau_2_0.72_lb_6,timeout_msm,2,up,0.5201
rf,timeout_msm_tau_1_0.88_tau_2_0.75_lb_3,timeout_msm,0,down,0.5375
rf,timeout_msm_tau_1_0.88_tau_2_0.75_lb_3,timeout_msm,1,neutral,0.4552
rf,timeout_msm_tau_1_0.88_tau_2_0.75_lb_3,timeout_msm,2,up,0.5206
rf,timeout_msm_tau_1_0.88_tau_2_0.75_lb_4,timeout_msm,0,down,0.5567
rf,timeout_msm_tau_1_0.88_tau_2_0.75_lb_4,timeout_msm,1,neutral,0.4916
rf,timeout_msm_tau_1_0.88_tau_2_0.75_lb_4,timeout_msm,2,up,0.522
rf,timeout_msm_tau_1_0.88_tau_2_0.75_lb_6,timeout_msm,0,down,0.5462
rf,timeout_msm_tau_1_0.88_tau_2_0.75_lb_6,timeout_msm,1,neutral,0.4514
rf,timeout_msm_tau_1_0.88_tau_2_0.75_lb_6,timeout_msm,2,up,0.5201
rf,timeout_msm_tau_1_0.88_tau_2_0.78_lb_3,timeout_msm,0,down,0.5375
rf,timeout_msm_tau_1_0.88_tau_2_0.78_lb_3,timeout_msm,1,neutral,0.4552
rf,timeout_msm_tau_1_0.88_tau_2_0.78_lb_3,timeout_msm,2,up,0.5206
rf,timeout_msm_tau_1_0.88_tau_2_0.78_lb_4,timeout_msm,0,down,0.5567
rf,timeout_msm_tau_1_0.88_tau_2_0.78_lb_4,timeout_msm,1,neutral,0.4916
rf,timeout_msm_tau_1_0.88_tau_2_0.78_lb_4,timeout_msm,2,up,0.522
rf,timeout_msm_tau_1_0.88_tau_2_0.78_lb_6,timeout_msm,0,down,0.5462
rf,timeout_msm_tau_1_0.88_tau_2_0.78_lb_6,timeout_msm,1,neutral,0.4514
rf,timeout_msm_tau_1_0.88_tau_2_0.78_lb_6,timeout_msm,2,up,0.5201
rf,timeout_msm_tau_1_0.8_tau_2_0.72_lb_3,timeout_msm,0,down,0.5481
rf,timeout_msm_tau_1_0.8_tau_2_0.72_lb_3,timeout_msm,1,neutral,0.465
rf,timeout_msm_tau_1_0.8_tau_2_0.72_lb_3,timeout_msm,2,up,0.5228
rf,timeout_msm_tau_1_0.8_tau_2_0.72_lb_4,timeout_msm,0,down,0.5475
rf,timeout_msm_tau_1_0.8_tau_2_0.72_lb_4,timeout_msm,1,neutral,0.4646
rf,timeout_msm_tau_1_0.8_tau_2_0.72_lb_4,timeout_msm,2,up,0.5237
rf,timeout_msm_tau_1_0.8_tau_2_0.72_lb_6,timeout_msm,0,down,0.5462
rf,timeout_msm_tau_1_0.8_tau_2_0.72_lb_6,timeout_msm,1,neutral,0.4514
rf,timeout_msm_tau_1_0.8_tau_2_0.72_lb_6,timeout_msm,2,up,0.5201
rf,timeout_msm_tau_1_0.8_tau_2_0.75_lb_3,timeout_msm,0,down,0.5481
rf,timeout_msm_tau_1_0.8_tau_2_0.75_lb_3,timeout_msm,1,neutral,0.465
rf,timeout_msm_tau_1_0.8_tau_2_0.75_lb_3,timeout_msm,2,up,0.5228
rf,timeout_msm_tau_1_0.8_tau_2_0.75_lb_4,timeout_msm,0,down,0.5475
rf,timeout_msm_tau_1_0.8_tau_2_0.75_lb_4,timeout_msm,1,neutral,0.4646
rf,timeout_msm_tau_1_0.8_tau_2_0.75_lb_4,timeout_msm,2,up,0.5237
rf,timeout_msm_tau_1_0.8_tau_2_0.75_lb_6,timeout_msm,0,down,0.5462
rf,timeout_msm_tau_1_0.8_tau_2_0.75_lb_6,timeout_msm,1,neutral,0.4514
rf,timeout_msm_tau_1_0.8_tau_2_0.75_lb_6,timeout_msm,2,up,0.5201
xgboost,adwin_delta_0.01,adwin,0,down,0.5428
xgboost,adwin_delta_0.01,adwin,1,neutral,0.1229
xgboost,adwin_delta_0.01,adwin,2,up,0.5184
xgboost,adwin_delta_0.05,adwin,0,down,0.5428
xgboost,adwin_delta_0.05,adwin,1,neutral,0.1229
xgboost,adwin_delta_0.05,adwin,2,up,0.5184
xgboost,adwin_delta_0.1,adwin,0,down,0.5428
xgboost,adwin_delta_0.1,adwin,1,neutral,0.1229
xgboost,adwin_delta_0.1,adwin,2,up,0.5184
xgboost,causal_tau_1_0.83_tau_2_0.72_lb_3,causal,0,down,0.4598
xgboost,causal_tau_1_0.83_tau_2_0.72_lb_3,causal,1,neutral,0.472
xgboost,causal_tau_1_0.83_tau_2_0.72_lb_3,causal,2,up,0.4733
xgboost,causal_tau_1_0.83_tau_2_0.72_lb_4,causal,0,down,0.4646
xgboost,causal_tau_1_0.83_tau_2_0.72_lb_4,causal,1,neutral,0.4583
xgboost,causal_tau_1_0.83_tau_2_0.72_lb_4,causal,2,up,0.4663
xgboost,causal_tau_1_0.83_tau_2_0.72_lb_6,causal,0,down,0.4625
xgboost,causal_tau_1_0.83_tau_2_0.72_lb_6,causal,1,neutral,0.4479
xgboost,causal_tau_1_0.83_tau_2_0.72_lb_6,causal,2,up,0.4565
xgboost,causal_tau_1_0.83_tau_2_0.75_lb_3,causal,0,down,0.4598
xgboost,causal_tau_1_0.83_tau_2_0.75_lb_3,causal,1,neutral,0.472
xgboost,causal_tau_1_0.83_tau_2_0.75_lb_3,causal,2,up,0.4733
xgboost,causal_tau_1_0.83_tau_2_0.75_lb_4,causal,0,down,0.4646
xgboost,causal_tau_1_0.83_tau_2_0.75_lb_4,causal,1,neutral,0.4583
xgboost,causal_tau_1_0.83_tau_2_0.75_lb_4,causal,2,up,0.4663
xgboost,causal_tau_1_0.83_tau_2_0.75_lb_6,causal,0,down,0.4625
xgboost,causal_tau_1_0.83_tau_2_0.75_lb_6,causal,1,neutral,0.4479
xgboost,causal_tau_1_0.83_tau_2_0.75_lb_6,causal,2,up,0.4565
xgboost,causal_tau_1_0.83_tau_2_0.78_lb_3,causal,0,down,0.4688
xgboost,causal_tau_1_0.83_tau_2_0.78_lb_3,causal,1,neutral,0.4654
xgboost,causal_tau_1_0.83_tau_2_0.78_lb_3,causal,2,up,0.4687
xgboost,causal_tau_1_0.83_tau_2_0.78_lb_4,causal,0,down,0.4646
xgboost,causal_tau_1_0.83_tau_2_0.78_lb_4,causal,1,neutral,0.4583
xgboost,causal_tau_1_0.83_tau_2_0.78_lb_4,causal,2,up,0.4663
xgboost,causal_tau_1_0.83_tau_2_0.78_lb_6,causal,0,down,0.4625
xgboost,causal_tau_1_0.83_tau_2_0.78_lb_6,causal,1,neutral,0.4479
xgboost,causal_tau_1_0.83_tau_2_0.78_lb_6,causal,2,up,0.4565
xgboost,causal_tau_1_0.88_tau_2_0.72_lb_3,causal,0,down,0.4604
xgboost,causal_tau_1_0.88_tau_2_0.72_lb_3,causal,1,neutral,0.4467
xgboost,causal_tau_1_0.88_tau_2_0.72_lb_3,causal,2,up,0.4446
xgboost,causal_tau_1_0.88_tau_2_0.72_lb_4,causal,0,down,0.4653
xgboost,causal_tau_1_0.88_tau_2_0.72_lb_4,causal,1,neutral,0.4486
xgboost,causal_tau_1_0.88_tau_2_0.72_lb_4,causal,2,up,0.4435
xgboost,causal_tau_1_0.88_tau_2_0.72_lb_6,causal,0,down,0.4625
xgboost,causal_tau_1_0.88_tau_2_0.72_lb_6,causal,1,neutral,0.4479
xgboost,causal_tau_1_0.88_tau_2_0.72_lb_6,causal,2,up,0.4565
xgboost,causal_tau_1_0.88_tau_2_0.75_lb_3,causal,0,down,0.4604
xgboost,causal_tau_1_0.88_tau_2_0.75_lb_3,causal,1,neutral,0.4467
xgboost,causal_tau_1_0.88_tau_2_0.75_lb_3,causal,2,up,0.4446
xgboost,causal_tau_1_0.88_tau_2_0.75_lb_4,causal,0,down,0.4653
xgboost,causal_tau_1_0.88_tau_2_0.75_lb_4,causal,1,neutral,0.4486
xgboost,causal_tau_1_0.88_tau_2_0.75_lb_4,causal,2,up,0.4435
xgboost,causal_tau_1_0.88_tau_2_0.75_lb_6,causal,0,down,0.4625
xgboost,causal_tau_1_0.88_tau_2_0.75_lb_6,causal,1,neutral,0.4479
xgboost,causal_tau_1_0.88_tau_2_0.75_lb_6,causal,2,up,0.4565
xgboost,causal_tau_1_0.88_tau_2_0.78_lb_3,causal,0,down,0.4604
xgboost,causal_tau_1_0.88_tau_2_0.78_lb_3,causal,1,neutral,0.4467
xgboost,causal_tau_1_0.88_tau_2_0.78_lb_3,causal,2,up,0.4446
xgboost,causal_tau_1_0.88_tau_2_0.78_lb_4,causal,0,down,0.4781
xgboost,causal_tau_1_0.88_tau_2_0.78_lb_4,causal,1,neutral,0.442
xgboost,causal_tau_1_0.88_tau_2_0.78_lb_4,causal,2,up,0.4495
xgboost,causal_tau_1_0.88_tau_2_0.78_lb_6,causal,0,down,0.4625
xgboost,causal_tau_1_0.88_tau_2_0.78_lb_6,causal,1,neutral,0.4479
xgboost,causal_tau_1_0.88_tau_2_0.78_lb_6,causal,2,up,0.4565
xgboost,causal_tau_1_0.8_tau_2_0.72_lb_3,causal,0,down,0.5027
xgboost,causal_tau_1_0.8_tau_2_0.72_lb_3,causal,1,neutral,0.4707
xgboost,causal_tau_1_0.8_tau_2_0.72_lb_3,causal,2,up,0.4938
xgboost,causal_tau_1_0.8_tau_2_0.72_lb_4,causal,0,down,0.4646
xgboost,causal_tau_1_0.8_tau_2_0.72_lb_4,causal,1,neutral,0.4583
xgboost,causal_tau_1_0.8_tau_2_0.72_lb_4,causal,2,up,0.4663
xgboost,causal_tau_1_0.8_tau_2_0.72_lb_6,causal,0,down,0.4625
xgboost,causal_tau_1_0.8_tau_2_0.72_lb_6,causal,1,neutral,0.4479
xgboost,causal_tau_1_0.8_tau_2_0.72_lb_6,causal,2,up,0.4565
xgboost,causal_tau_1_0.8_tau_2_0.75_lb_3,causal,0,down,0.5027
xgboost,causal_tau_1_0.8_tau_2_0.75_lb_3,causal,1,neutral,0.4707
xgboost,causal_tau_1_0.8_tau_2_0.75_lb_3,causal,2,up,0.4938
xgboost,causal_tau_1_0.8_tau_2_0.75_lb_4,causal,0,down,0.4646
xgboost,causal_tau_1_0.8_tau_2_0.75_lb_4,causal,1,neutral,0.4583
xgboost,causal_tau_1_0.8_tau_2_0.75_lb_4,causal,2,up,0.4663
xgboost,causal_tau_1_0.8_tau_2_0.75_lb_6,causal,0,down,0.4625
xgboost,causal_tau_1_0.8_tau_2_0.75_lb_6,causal,1,neutral,0.4479
xgboost,causal_tau_1_0.8_tau_2_0.75_lb_6,causal,2,up,0.4565
xgboost,fixed_12,fixed,0,down,0.516
xgboost,fixed_12,fixed,1,neutral,0.4602
xgboost,fixed_12,fixed,2,up,0.5145
xgboost,fixed_3,fixed,0,down,0.5578
xgboost,fixed_3,fixed,1,neutral,0.4524
xgboost,fixed_3,fixed,2,up,0.5255
xgboost,fixed_6,fixed,0,down,0.549
xgboost,fixed_6,fixed,1,neutral,0.4523
xgboost,fixed_6,fixed,2,up,0.536
xgboost,fixed_9,fixed,0,down,0.5495
xgboost,fixed_9,fixed,1,neutral,0.4605
xgboost,fixed_9,fixed,2,up,0.5424
xgboost,msm_tau_1_0.83_tau_2_0.72_lb_3,msm,0,down,0.5566
xgboost,msm_tau_1_0.83_tau_2_0.72_lb_3,msm,1,neutral,0.4788
xgboost,msm_tau_1_0.83_tau_2_0.72_lb_3,msm,2,up,0.5387
xgboost,msm_tau_1_0.83_tau_2_0.72_lb_4,msm,0,down,0.5445
xgboost,msm_tau_1_0.83_tau_2_0.72_lb_4,msm,1,neutral,0.4382
xgboost,msm_tau_1_0.83_tau_2_0.72_lb_4,msm,2,up,0.5266
xgboost,msm_tau_1_0.83_tau_2_0.72_lb_6,msm,0,down,0.5574
xgboost,msm_tau_1_0.83_tau_2_0.72_lb_6,msm,1,neutral,0.4572
xgboost,msm_tau_1_0.83_tau_2_0.72_lb_6,msm,2,up,0.5176
xgboost,msm_tau_1_0.83_tau_2_0.75_lb_3,msm,0,down,0.5566
xgboost,msm_tau_1_0.83_tau_2_0.75_lb_3,msm,1,neutral,0.4788
xgboost,msm_tau_1_0.83_tau_2_0.75_lb_3,msm,2,up,0.5387
xgboost,msm_tau_1_0.83_tau_2_0.75_lb_4,msm,0,down,0.5445
xgboost,msm_tau_1_0.83_tau_2_0.75_lb_4,msm,1,neutral,0.4382
xgboost,msm_tau_1_0.83_tau_2_0.75_lb_4,msm,2,up,0.5266
xgboost,msm_tau_1_0.83_tau_2_0.75_lb_6,msm,0,down,0.5574
xgboost,msm_tau_1_0.83_tau_2_0.75_lb_6,msm,1,neutral,0.4572
xgboost,msm_tau_1_0.83_tau_2_0.75_lb_6,msm,2,up,0.5176
xgboost,msm_tau_1_0.83_tau_2_0.78_lb_3,msm,0,down,0.552
xgboost,msm_tau_1_0.83_tau_2_0.78_lb_3,msm,1,neutral,0.4597
xgboost,msm_tau_1_0.83_tau_2_0.78_lb_3,msm,2,up,0.53
xgboost,msm_tau_1_0.83_tau_2_0.78_lb_4,msm,0,down,0.5445
xgboost,msm_tau_1_0.83_tau_2_0.78_lb_4,msm,1,neutral,0.4382
xgboost,msm_tau_1_0.83_tau_2_0.78_lb_4,msm,2,up,0.5266
xgboost,msm_tau_1_0.83_tau_2_0.78_lb_6,msm,0,down,0.5574
xgboost,msm_tau_1_0.83_tau_2_0.78_lb_6,msm,1,neutral,0.4572
xgboost,msm_tau_1_0.83_tau_2_0.78_lb_6,msm,2,up,0.5176
xgboost,msm_tau_1_0.88_tau_2_0.72_lb_3,msm,0,down,0.5592
xgboost,msm_tau_1_0.88_tau_2_0.72_lb_3,msm,1,neutral,0.4701
xgboost,msm_tau_1_0.88_tau_2_0.72_lb_3,msm,2,up,0.5367
xgboost,msm_tau_1_0.88_tau_2_0.72_lb_4,msm,0,down,0.5462
xgboost,msm_tau_1_0.88_tau_2_0.72_lb_4,msm,1,neutral,0.444
xgboost,msm_tau_1_0.88_tau_2_0.72_lb_4,msm,2,up,0.5136
xgboost,msm_tau_1_0.88_tau_2_0.72_lb_6,msm,0,down,0.5574
xgboost,msm_tau_1_0.88_tau_2_0.72_lb_6,msm,1,neutral,0.4572
xgboost,msm_tau_1_0.88_tau_2_0.72_lb_6,msm,2,up,0.5176
xgboost,msm_tau_1_0.88_tau_2_0.75_lb_3,msm,0,down,0.5592
xgboost,msm_tau_1_0.88_tau_2_0.75_lb_3,msm,1,neutral,0.4701
xgboost,msm_tau_1_0.88_tau_2_0.75_lb_3,msm,2,up,0.5367
xgboost,msm_tau_1_0.88_tau_2_0.75_lb_4,msm,0,down,0.5462
xgboost,msm_tau_1_0.88_tau_2_0.75_lb_4,msm,1,neutral,0.444
xgboost,msm_tau_1_0.88_tau_2_0.75_lb_4,msm,2,up,0.5136
xgboost,msm_tau_1_0.88_tau_2_0.75_lb_6,msm,0,down,0.5574
xgboost,msm_tau_1_0.88_tau_2_0.75_lb_6,msm,1,neutral,0.4572
xgboost,msm_tau_1_0.88_tau_2_0.75_lb_6,msm,2,up,0.5176
xgboost,msm_tau_1_0.88_tau_2_0.78_lb_3,msm,0,down,0.5592
xgboost,msm_tau_1_0.88_tau_2_0.78_lb_3,msm,1,neutral,0.4701
xgboost,msm_tau_1_0.88_tau_2_0.78_lb_3,msm,2,up,0.5367
xgboost,msm_tau_1_0.88_tau_2_0.78_lb_4,msm,0,down,0.5597
xgboost,msm_tau_1_0.88_tau_2_0.78_lb_4,msm,1,neutral,0.4523
xgboost,msm_tau_1_0.88_tau_2_0.78_lb_4,msm,2,up,0.5152
xgboost,msm_tau_1_0.88_tau_2_0.78_lb_6,msm,0,down,0.5574
xgboost,msm_tau_1_0.88_tau_2_0.78_lb_6,msm,1,neutral,0.4572
xgboost,msm_tau_1_0.88_tau_2_0.78_lb_6,msm,2,up,0.5176
xgboost,msm_tau_1_0.8_tau_2_0.72_lb_3,msm,0,down,0.5627
xgboost,msm_tau_1_0.8_tau_2_0.72_lb_3,msm,1,neutral,0.4671
xgboost,msm_tau_1_0.8_tau_2_0.72_lb_3,msm,2,up,0.5332
xgboost,msm_tau_1_0.8_tau_2_0.72_lb_4,msm,0,down,0.5445
xgboost,msm_tau_1_0.8_tau_2_0.72_lb_4,msm,1,neutral,0.4382
xgboost,msm_tau_1_0.8_tau_2_0.72_lb_4,msm,2,up,0.5266
xgboost,msm_tau_1_0.8_tau_2_0.72_lb_6,msm,0,down,0.5574
xgboost,msm_tau_1_0.8_tau_2_0.72_lb_6,msm,1,neutral,0.4572
xgboost,msm_tau_1_0.8_tau_2_0.72_lb_6,msm,2,up,0.5176
xgboost,msm_tau_1_0.8_tau_2_0.75_lb_3,msm,0,down,0.5627
xgboost,msm_tau_1_0.8_tau_2_0.75_lb_3,msm,1,neutral,0.4671
xgboost,msm_tau_1_0.8_tau_2_0.75_lb_3,msm,2,up,0.5332
xgboost,msm_tau_1_0.8_tau_2_0.75_lb_4,msm,0,down,0.5445
xgboost,msm_tau_1_0.8_tau_2_0.75_lb_4,msm,1,neutral,0.4382
xgboost,msm_tau_1_0.8_tau_2_0.75_lb_4,msm,2,up,0.5266
xgboost,msm_tau_1_0.8_tau_2_0.75_lb_6,msm,0,down,0.5574
xgboost,msm_tau_1_0.8_tau_2_0.75_lb_6,msm,1,neutral,0.4572
xgboost,msm_tau_1_0.8_tau_2_0.75_lb_6,msm,2,up,0.5176
xgboost,perf_drop_0.03_lookback_3,perf,0,down,0.5658
xgboost,perf_drop_0.03_lookback_3,perf,1,neutral,0.4741
xgboost,perf_drop_0.03_lookback_3,perf,2,up,0.5235
xgboost,perf_drop_0.03_lookback_4,perf,0,down,0.548
xgboost,perf_drop_0.03_lookback_4,perf,1,neutral,0.4615
xgboost,perf_drop_0.03_lookback_4,perf,2,up,0.5198
xgboost,perf_drop_0.03_lookback_6,perf,0,down,0.5425
xgboost,perf_drop_0.03_lookback_6,perf,1,neutral,0.4801
xgboost,perf_drop_0.03_lookback_6,perf,2,up,0.5216
xgboost,perf_drop_0.05_lookback_3,perf,0,down,0.5562
xgboost,perf_drop_0.05_lookback_3,perf,1,neutral,0.4668
xgboost,perf_drop_0.05_lookback_3,perf,2,up,0.5352
xgboost,perf_drop_0.05_lookback_4,perf,0,down,0.5543
xgboost,perf_drop_0.05_lookback_4,perf,1,neutral,0.4672
xgboost,perf_drop_0.05_lookback_4,perf,2,up,0.5187
xgboost,perf_drop_0.05_lookback_6,perf,0,down,0.5581
xgboost,perf_drop_0.05_lookback_6,perf,1,neutral,0.4608
xgboost,perf_drop_0.05_lookback_6,perf,2,up,0.5374
xgboost,perf_drop_0.15_lookback_3,perf,0,down,0.5531
xgboost,perf_drop_0.15_lookback_3,perf,1,neutral,0.483
xgboost,perf_drop_0.15_lookback_3,perf,2,up,0.5224
xgboost,perf_drop_0.15_lookback_4,perf,0,down,0.5443
xgboost,perf_drop_0.15_lookback_4,perf,1,neutral,0.4692
xgboost,perf_drop_0.15_lookback_4,perf,2,up,0.5349
xgboost,perf_drop_0.15_lookback_6,perf,0,down,0.5418
xgboost,perf_drop_0.15_lookback_6,perf,1,neutral,0.4732
xgboost,perf_drop_0.15_lookback_6,perf,2,up,0.5041
xgboost,perf_drop_0.1_lookback_3,perf,0,down,0.5313
xgboost,perf_drop_0.1_lookback_3,perf,1,neutral,0.4314
xgboost,perf_drop_0.1_lookback_3,perf,2,up,0.513
xgboost,perf_drop_0.1_lookback_4,perf,0,down,0.5478
xgboost,perf_drop_0.1_lookback_4,perf,1,neutral,0.4783
xgboost,perf_drop_0.1_lookback_4,perf,2,up,0.5245
xgboost,perf_drop_0.1_lookback_6,perf,0,down,0.5574
xgboost,perf_drop_0.1_lookback_6,perf,1,neutral,0.4857
xgboost,perf_drop_0.1_lookback_6,perf,2,up,0.5418
xgboost,perf_drop_0.2_lookback_3,perf,0,down,0.5345
xgboost,perf_drop_0.2_lookback_3,perf,1,neutral,0.2603
xgboost,perf_drop_0.2_lookback_3,perf,2,up,0.5084
xgboost,perf_drop_0.2_lookback_4,perf,0,down,0.5428
xgboost,perf_drop_0.2_lookback_4,perf,1,neutral,0.1229
xgboost,perf_drop_0.2_lookback_4,perf,2,up,0.5184
xgboost,perf_drop_0.2_lookback_6,perf,0,down,0.5428
xgboost,perf_drop_0.2_lookback_6,perf,1,neutral,0.1229
xgboost,perf_drop_0.2_lookback_6,perf,2,up,0.5184
xgboost,random,random,0,down,0.5035
xgboost,random,random,1,neutral,0.4294
xgboost,random,random,2,up,0.5368
xgboost,spy_msm_tau_1_0.83_tau_2_0.72_lb_3,spy_msm,0,down,0.5368
xgboost,spy_msm_tau_1_0.83_tau_2_0.72_lb_3,spy_msm,1,neutral,0.4673
xgboost,spy_msm_tau_1_0.83_tau_2_0.72_lb_3,spy_msm,2,up,0.5241
xgboost,spy_msm_tau_1_0.83_tau_2_0.72_lb_4,spy_msm,0,down,0.5571
xgboost,spy_msm_tau_1_0.83_tau_2_0.72_lb_4,spy_msm,1,neutral,0.4578
xgboost,spy_msm_tau_1_0.83_tau_2_0.72_lb_4,spy_msm,2,up,0.5316
xgboost,spy_msm_tau_1_0.83_tau_2_0.72_lb_6,spy_msm,0,down,0.5407
xgboost,spy_msm_tau_1_0.83_tau_2_0.72_lb_6,spy_msm,1,neutral,0.4455
xgboost,spy_msm_tau_1_0.83_tau_2_0.72_lb_6,spy_msm,2,up,0.5313
xgboost,spy_msm_tau_1_0.83_tau_2_0.75_lb_3,spy_msm,0,down,0.5368
xgboost,spy_msm_tau_1_0.83_tau_2_0.75_lb_3,spy_msm,1,neutral,0.4673
xgboost,spy_msm_tau_1_0.83_tau_2_0.75_lb_3,spy_msm,2,up,0.5241
xgboost,spy_msm_tau_1_0.83_tau_2_0.75_lb_4,spy_msm,0,down,0.5571
xgboost,spy_msm_tau_1_0.83_tau_2_0.75_lb_4,spy_msm,1,neutral,0.4578
xgboost,spy_msm_tau_1_0.83_tau_2_0.75_lb_4,spy_msm,2,up,0.5316
xgboost,spy_msm_tau_1_0.83_tau_2_0.75_lb_6,spy_msm,0,down,0.5407
xgboost,spy_msm_tau_1_0.83_tau_2_0.75_lb_6,spy_msm,1,neutral,0.4455
xgboost,spy_msm_tau_1_0.83_tau_2_0.75_lb_6,spy_msm,2,up,0.5313
xgboost,spy_msm_tau_1_0.83_tau_2_0.78_lb_3,spy_msm,0,down,0.5368
xgboost,spy_msm_tau_1_0.83_tau_2_0.78_lb_3,spy_msm,1,neutral,0.4673
xgboost,spy_msm_tau_1_0.83_tau_2_0.78_lb_3,spy_msm,2,up,0.5241
xgboost,spy_msm_tau_1_0.83_tau_2_0.78_lb_4,spy_msm,0,down,0.5571
xgboost,spy_msm_tau_1_0.83_tau_2_0.78_lb_4,spy_msm,1,neutral,0.4578
xgboost,spy_msm_tau_1_0.83_tau_2_0.78_lb_4,spy_msm,2,up,0.5316
xgboost,spy_msm_tau_1_0.83_tau_2_0.78_lb_6,spy_msm,0,down,0.5407
xgboost,spy_msm_tau_1_0.83_tau_2_0.78_lb_6,spy_msm,1,neutral,0.4455
xgboost,spy_msm_tau_1_0.83_tau_2_0.78_lb_6,spy_msm,2,up,0.5313
xgboost,spy_msm_tau_1_0.88_tau_2_0.72_lb_3,spy_msm,0,down,0.5448
xgboost,spy_msm_tau_1_0.88_tau_2_0.72_lb_3,spy_msm,1,neutral,0.4594
xgboost,spy_msm_tau_1_0.88_tau_2_0.72_lb_3,spy_msm,2,up,0.5193
xgboost,spy_msm_tau_1_0.88_tau_2_0.72_lb_4,spy_msm,0,down,0.5205
xgboost,spy_msm_tau_1_0.88_tau_2_0.72_lb_4,spy_msm,1,neutral,0.41
xgboost,spy_msm_tau_1_0.88_tau_2_0.72_lb_4,spy_msm,2,up,0.5098
xgboost,spy_msm_tau_1_0.88_tau_2_0.72_lb_6,spy_msm,0,down,0.5497
xgboost,spy_msm_tau_1_0.88_tau_2_0.72_lb_6,spy_msm,1,neutral,0.4595
xgboost,spy_msm_tau_1_0.88_tau_2_0.72_lb_6,spy_msm,2,up,0.531
xgboost,spy_msm_tau_1_0.88_tau_2_0.75_lb_3,spy_msm,0,down,0.5448
xgboost,spy_msm_tau_1_0.88_tau_2_0.75_lb_3,spy_msm,1,neutral,0.4594
xgboost,spy_msm_tau_1_0.88_tau_2_0.75_lb_3,spy_msm,2,up,0.5193
xgboost,spy_msm_tau_1_0.88_tau_2_0.75_lb_4,spy_msm,0,down,0.5205
xgboost,spy_msm_tau_1_0.88_tau_2_0.75_lb_4,spy_msm,1,neutral,0.41
xgboost,spy_msm_tau_1_0.88_tau_2_0.75_lb_4,spy_msm,2,up,0.5098
xgboost,spy_msm_tau_1_0.88_tau_2_0.75_lb_6,spy_msm,0,down,0.5497
xgboost,spy_msm_tau_1_0.88_tau_2_0.75_lb_6,spy_msm,1,neutral,0.4595
xgboost,spy_msm_tau_1_0.88_tau_2_0.75_lb_6,spy_msm,2,up,0.531
xgboost,spy_msm_tau_1_0.88_tau_2_0.78_lb_3,spy_msm,0,down,0.5492
xgboost,spy_msm_tau_1_0.88_tau_2_0.78_lb_3,spy_msm,1,neutral,0.462
xgboost,spy_msm_tau_1_0.88_tau_2_0.78_lb_3,spy_msm,2,up,0.5214
xgboost,spy_msm_tau_1_0.88_tau_2_0.78_lb_4,spy_msm,0,down,0.542
xgboost,spy_msm_tau_1_0.88_tau_2_0.78_lb_4,spy_msm,1,neutral,0.4482
xgboost,spy_msm_tau_1_0.88_tau_2_0.78_lb_4,spy_msm,2,up,0.5196
xgboost,spy_msm_tau_1_0.88_tau_2_0.78_lb_6,spy_msm,0,down,0.5497
xgboost,spy_msm_tau_1_0.88_tau_2_0.78_lb_6,spy_msm,1,neutral,0.4595
xgboost,spy_msm_tau_1_0.88_tau_2_0.78_lb_6,spy_msm,2,up,0.531
xgboost,spy_msm_tau_1_0.8_tau_2_0.72_lb_3,spy_msm,0,down,0.5368
xgboost,spy_msm_tau_1_0.8_tau_2_0.72_lb_3,spy_msm,1,neutral,0.4673
xgboost,spy_msm_tau_1_0.8_tau_2_0.72_lb_3,spy_msm,2,up,0.5241
xgboost,spy_msm_tau_1_0.8_tau_2_0.72_lb_4,spy_msm,0,down,0.5571
xgboost,spy_msm_tau_1_0.8_tau_2_0.72_lb_4,spy_msm,1,neutral,0.4578
xgboost,spy_msm_tau_1_0.8_tau_2_0.72_lb_4,spy_msm,2,up,0.5316
xgboost,spy_msm_tau_1_0.8_tau_2_0.72_lb_6,spy_msm,0,down,0.5407
xgboost,spy_msm_tau_1_0.8_tau_2_0.72_lb_6,spy_msm,1,neutral,0.4455
xgboost,spy_msm_tau_1_0.8_tau_2_0.72_lb_6,spy_msm,2,up,0.5313
xgboost,spy_msm_tau_1_0.8_tau_2_0.75_lb_3,spy_msm,0,down,0.5368
xgboost,spy_msm_tau_1_0.8_tau_2_0.75_lb_3,spy_msm,1,neutral,0.4673
xgboost,spy_msm_tau_1_0.8_tau_2_0.75_lb_3,spy_msm,2,up,0.5241
xgboost,spy_msm_tau_1_0.8_tau_2_0.75_lb_4,spy_msm,0,down,0.5571
xgboost,spy_msm_tau_1_0.8_tau_2_0.75_lb_4,spy_msm,1,neutral,0.4578
xgboost,spy_msm_tau_1_0.8_tau_2_0.75_lb_4,spy_msm,2,up,0.5316
xgboost,spy_msm_tau_1_0.8_tau_2_0.75_lb_6,spy_msm,0,down,0.5407
xgboost,spy_msm_tau_1_0.8_tau_2_0.75_lb_6,spy_msm,1,neutral,0.4455
xgboost,spy_msm_tau_1_0.8_tau_2_0.75_lb_6,spy_msm,2,up,0.5313
xgboost,static,static,0,down,0.5428
xgboost,static,static,1,neutral,0.1229
xgboost,static,static,2,up,0.5184
xgboost,timeout_msm_tau_1_0.83_tau_2_0.72_lb_3,timeout_msm,0,down,0.5566
xgboost,timeout_msm_tau_1_0.83_tau_2_0.72_lb_3,timeout_msm,1,neutral,0.4788
xgboost,timeout_msm_tau_1_0.83_tau_2_0.72_lb_3,timeout_msm,2,up,0.5387
xgboost,timeout_msm_tau_1_0.83_tau_2_0.72_lb_4,timeout_msm,0,down,0.5347
xgboost,timeout_msm_tau_1_0.83_tau_2_0.72_lb_4,timeout_msm,1,neutral,0.4353
xgboost,timeout_msm_tau_1_0.83_tau_2_0.72_lb_4,timeout_msm,2,up,0.5204
xgboost,timeout_msm_tau_1_0.83_tau_2_0.72_lb_6,timeout_msm,0,down,0.5566
xgboost,timeout_msm_tau_1_0.83_tau_2_0.72_lb_6,timeout_msm,1,neutral,0.4715
xgboost,timeout_msm_tau_1_0.83_tau_2_0.72_lb_6,timeout_msm,2,up,0.5318
xgboost,timeout_msm_tau_1_0.83_tau_2_0.75_lb_3,timeout_msm,0,down,0.5566
xgboost,timeout_msm_tau_1_0.83_tau_2_0.75_lb_3,timeout_msm,1,neutral,0.4788
xgboost,timeout_msm_tau_1_0.83_tau_2_0.75_lb_3,timeout_msm,2,up,0.5387
xgboost,timeout_msm_tau_1_0.83_tau_2_0.75_lb_4,timeout_msm,0,down,0.5347
xgboost,timeout_msm_tau_1_0.83_tau_2_0.75_lb_4,timeout_msm,1,neutral,0.4353
xgboost,timeout_msm_tau_1_0.83_tau_2_0.75_lb_4,timeout_msm,2,up,0.5204
xgboost,timeout_msm_tau_1_0.83_tau_2_0.75_lb_6,timeout_msm,0,down,0.5566
xgboost,timeout_msm_tau_1_0.83_tau_2_0.75_lb_6,timeout_msm,1,neutral,0.4715
xgboost,timeout_msm_tau_1_0.83_tau_2_0.75_lb_6,timeout_msm,2,up,0.5318
xgboost,timeout_msm_tau_1_0.83_tau_2_0.78_lb_3,timeout_msm,0,down,0.552
xgboost,timeout_msm_tau_1_0.83_tau_2_0.78_lb_3,timeout_msm,1,neutral,0.4597
xgboost,timeout_msm_tau_1_0.83_tau_2_0.78_lb_3,timeout_msm,2,up,0.53
xgboost,timeout_msm_tau_1_0.83_tau_2_0.78_lb_4,timeout_msm,0,down,0.5347
xgboost,timeout_msm_tau_1_0.83_tau_2_0.78_lb_4,timeout_msm,1,neutral,0.4353
xgboost,timeout_msm_tau_1_0.83_tau_2_0.78_lb_4,timeout_msm,2,up,0.5204
xgboost,timeout_msm_tau_1_0.83_tau_2_0.78_lb_6,timeout_msm,0,down,0.5566
xgboost,timeout_msm_tau_1_0.83_tau_2_0.78_lb_6,timeout_msm,1,neutral,0.4715
xgboost,timeout_msm_tau_1_0.83_tau_2_0.78_lb_6,timeout_msm,2,up,0.5318
xgboost,timeout_msm_tau_1_0.88_tau_2_0.72_lb_3,timeout_msm,0,down,0.5592
xgboost,timeout_msm_tau_1_0.88_tau_2_0.72_lb_3,timeout_msm,1,neutral,0.4701
xgboost,timeout_msm_tau_1_0.88_tau_2_0.72_lb_3,timeout_msm,2,up,0.5367
xgboost,timeout_msm_tau_1_0.88_tau_2_0.72_lb_4,timeout_msm,0,down,0.5568
xgboost,timeout_msm_tau_1_0.88_tau_2_0.72_lb_4,timeout_msm,1,neutral,0.4595
xgboost,timeout_msm_tau_1_0.88_tau_2_0.72_lb_4,timeout_msm,2,up,0.5299
xgboost,timeout_msm_tau_1_0.88_tau_2_0.72_lb_6,timeout_msm,0,down,0.5566
xgboost,timeout_msm_tau_1_0.88_tau_2_0.72_lb_6,timeout_msm,1,neutral,0.4715
xgboost,timeout_msm_tau_1_0.88_tau_2_0.72_lb_6,timeout_msm,2,up,0.5318
xgboost,timeout_msm_tau_1_0.88_tau_2_0.75_lb_3,timeout_msm,0,down,0.5592
xgboost,timeout_msm_tau_1_0.88_tau_2_0.75_lb_3,timeout_msm,1,neutral,0.4701
xgboost,timeout_msm_tau_1_0.88_tau_2_0.75_lb_3,timeout_msm,2,up,0.5367
xgboost,timeout_msm_tau_1_0.88_tau_2_0.75_lb_4,timeout_msm,0,down,0.5605
xgboost,timeout_msm_tau_1_0.88_tau_2_0.75_lb_4,timeout_msm,1,neutral,0.4787
xgboost,timeout_msm_tau_1_0.88_tau_2_0.75_lb_4,timeout_msm,2,up,0.5397
xgboost,timeout_msm_tau_1_0.88_tau_2_0.75_lb_6,timeout_msm,0,down,0.5566
xgboost,timeout_msm_tau_1_0.88_tau_2_0.75_lb_6,timeout_msm,1,neutral,0.4715
xgboost,timeout_msm_tau_1_0.88_tau_2_0.75_lb_6,timeout_msm,2,up,0.5318
xgboost,timeout_msm_tau_1_0.88_tau_2_0.78_lb_3,timeout_msm,0,down,0.5592
xgboost,timeout_msm_tau_1_0.88_tau_2_0.78_lb_3,timeout_msm,1,neutral,0.4701
xgboost,timeout_msm_tau_1_0.88_tau_2_0.78_lb_3,timeout_msm,2,up,0.5367
xgboost,timeout_msm_tau_1_0.88_tau_2_0.78_lb_4,timeout_msm,0,down,0.5605
xgboost,timeout_msm_tau_1_0.88_tau_2_0.78_lb_4,timeout_msm,1,neutral,0.4787
xgboost,timeout_msm_tau_1_0.88_tau_2_0.78_lb_4,timeout_msm,2,up,0.5397
xgboost,timeout_msm_tau_1_0.88_tau_2_0.78_lb_6,timeout_msm,0,down,0.5566
xgboost,timeout_msm_tau_1_0.88_tau_2_0.78_lb_6,timeout_msm,1,neutral,0.4715
xgboost,timeout_msm_tau_1_0.88_tau_2_0.78_lb_6,timeout_msm,2,up,0.5318
xgboost,timeout_msm_tau_1_0.8_tau_2_0.72_lb_3,timeout_msm,0,down,0.5627
xgboost,timeout_msm_tau_1_0.8_tau_2_0.72_lb_3,timeout_msm,1,neutral,0.4671
xgboost,timeout_msm_tau_1_0.8_tau_2_0.72_lb_3,timeout_msm,2,up,0.5332
xgboost,timeout_msm_tau_1_0.8_tau_2_0.72_lb_4,timeout_msm,0,down,0.5347
xgboost,timeout_msm_tau_1_0.8_tau_2_0.72_lb_4,timeout_msm,1,neutral,0.4353
xgboost,timeout_msm_tau_1_0.8_tau_2_0.72_lb_4,timeout_msm,2,up,0.5204
xgboost,timeout_msm_tau_1_0.8_tau_2_0.72_lb_6,timeout_msm,0,down,0.5566
xgboost,timeout_msm_tau_1_0.8_tau_2_0.72_lb_6,timeout_msm,1,neutral,0.4715
xgboost,timeout_msm_tau_1_0.8_tau_2_0.72_lb_6,timeout_msm,2,up,0.5318
xgboost,timeout_msm_tau_1_0.8_tau_2_0.75_lb_3,timeout_msm,0,down,0.5627
xgboost,timeout_msm_tau_1_0.8_tau_2_0.75_lb_3,timeout_msm,1,neutral,0.4671
xgboost,timeout_msm_tau_1_0.8_tau_2_0.75_lb_3,timeout_msm,2,up,0.5332
xgboost,timeout_msm_tau_1_0.8_tau_2_0.75_lb_4,timeout_msm,0,down,0.5347
xgboost,timeout_msm_tau_1_0.8_tau_2_0.75_lb_4,timeout_msm,1,neutral,0.4353
xgboost,timeout_msm_tau_1_0.8_tau_2_0.75_lb_4,timeout_msm,2,up,0.5204
xgboost,timeout_msm_tau_1_0.8_tau_2_0.75_lb_6,timeout_msm,0,down,0.5566
xgboost,timeout_msm_tau_1_0.8_tau_2_0.75_lb_6,timeout_msm,1,neutral,0.4715
xgboost,timeout_msm_tau_1_0.8_tau_2_0.75_lb_6,timeout_msm,2,up,0.5318
