model_type,retrainer,exp_type,mean_f1_calm,mean_f1_stress,n_calm,n_stress,f1_stress_minus_calm
lr,causal_tau_1_0.83_tau_2_0.72_lb_6,causal,0.3595,0.4082,75.0,8.0,0.0487
lr,causal_tau_1_0.83_tau_2_0.75_lb_6,causal,0.3595,0.4082,75.0,8.0,0.0487
lr,causal_tau_1_0.83_tau_2_0.78_lb_6,causal,0.3595,0.4082,75.0,8.0,0.0487
lr,causal_tau_1_0.88_tau_2_0.72_lb_6,causal,0.3595,0.4082,75.0,8.0,0.0487
lr,causal_tau_1_0.88_tau_2_0.75_lb_6,causal,0.3595,0.4082,75.0,8.0,0.0487
lr,causal_tau_1_0.88_tau_2_0.78_lb_6,causal,0.3595,0.4082,75.0,8.0,0.0487
lr,causal_tau_1_0.8_tau_2_0.72_lb_6,causal,0.3595,0.4082,75.0,8.0,0.0487
lr,causal_tau_1_0.8_tau_2_0.75_lb_6,causal,0.3595,0.4082,75.0,8.0,0.0487
lr,causal_tau_1_0.88_tau_2_0.78_lb_4,causal,0.37,0.4082,75.0,8.0,0.0382
lr,causal_tau_1_0.83_tau_2_0.72_lb_3,causal,0.3788,0.3887,75.0,8.0,0.0099
lr,causal_tau_1_0.83_tau_2_0.75_lb_3,causal,0.3788,0.3887,75.0,8.0,0.0099
lr,causal_tau_1_0.88_tau_2_0.72_lb_3,causal,0.3675,0.3572,75.0,8.0,-0.0103
lr,causal_tau_1_0.88_tau_2_0.75_lb_3,causal,0.3675,0.3572,75.0,8.0,-0.0103
lr,causal_tau_1_0.88_tau_2_0.78_lb_3,causal,0.3675,0.3572,75.0,8.0,-0.0103
lr,causal_tau_1_0.83_tau_2_0.72_lb_4,causal,0.3785,0.3592,75.0,8.0,-0.0193
lr,causal_tau_1_0.83_tau_2_0.75_lb_4,causal,0.3785,0.3592,75.0,8.0,-0.0193
lr,causal_tau_1_0.83_tau_2_0.78_lb_4,causal,0.3785,0.3592,75.0,8.0,-0.0193
lr,causal_tau_1_0.8_tau_2_0.72_lb_4,causal,0.3785,0.3592,75.0,8.0,-0.0193
lr,causal_tau_1_0.8_tau_2_0.75_lb_4,causal,0.3785,0.3592,75.0,8.0,-0.0193
lr,msm_tau_1_0.83_tau_2_0.72_lb_3,msm,0.4164,0.3966,75.0,8.0,-0.0198
lr,msm_tau_1_0.83_tau_2_0.75_lb_3,msm,0.4164,0.3966,75.0,8.0,-0.0198
lr,timeout_msm_tau_1_0.83_tau_2_0.72_lb_3,timeout_msm,0.4164,0.3966,75.0,8.0,-0.0198
lr,timeout_msm_tau_1_0.83_tau_2_0.75_lb_3,timeout_msm,0.4164,0.3966,75.0,8.0,-0.0198
lr,causal_tau_1_0.88_tau_2_0.72_lb_4,causal,0.371,0.3484,75.0,8.0,-0.0226
lr,causal_tau_1_0.88_tau_2_0.75_lb_4,causal,0.371,0.3484,75.0,8.0,-0.0226
lr,perf_drop_0.03_lookback_4,perf,0.4227,0.3978,75.0,8.0,-0.0249
lr,causal_tau_1_0.83_tau_2_0.78_lb_3,causal,0.3746,0.3484,75.0,8.0,-0.0262
lr,fixed_3,fixed,0.4108,0.3839,75.0,8.0,-0.0269
lr,msm_tau_1_0.88_tau_2_0.72_lb_3,msm,0.418,0.3877,75.0,8.0,-0.0303
lr,msm_tau_1_0.88_tau_2_0.75_lb_3,msm,0.418,0.3877,75.0,8.0,-0.0303
lr,msm_tau_1_0.88_tau_2_0.78_lb_3,msm,0.418,0.3877,75.0,8.0,-0.0303
lr,timeout_msm_tau_1_0.88_tau_2_0.72_lb_3,timeout_msm,0.418,0.3877,75.0,8.0,-0.0303
lr,timeout_msm_tau_1_0.88_tau_2_0.75_lb_3,timeout_msm,0.418,0.3877,75.0,8.0,-0.0303
lr,timeout_msm_tau_1_0.88_tau_2_0.78_lb_3,timeout_msm,0.418,0.3877,75.0,8.0,-0.0303
lr,msm_tau_1_0.88_tau_2_0.72_lb_4,msm,0.4233,0.3913,75.0,8.0,-0.032
lr,msm_tau_1_0.88_tau_2_0.75_lb_4,msm,0.4233,0.3913,75.0,8.0,-0.032
lr,msm_tau_1_0.83_tau_2_0.78_lb_3,msm,0.4158,0.3827,75.0,8.0,-0.0331
lr,timeout_msm_tau_1_0.83_tau_2_0.78_lb_3,timeout_msm,0.4158,0.3827,75.0,8.0,-0.0331
lr,causal_tau_1_0.8_tau_2_0.72_lb_3,causal,0.3813,0.3432,75.0,8.0,-0.0381
lr,causal_tau_1_0.8_tau_2_0.75_lb_3,causal,0.3813,0.3432,75.0,8.0,-0.0381
lr,spy_msm_tau_1_0.83_tau_2_0.72_lb_4,spy_msm,0.417,0.3765,75.0,8.0,-0.0405
lr,spy_msm_tau_1_0.83_tau_2_0.75_lb_4,spy_msm,0.417,0.3765,75.0,8.0,-0.0405
lr,spy_msm_tau_1_0.83_tau_2_0.78_lb_4,spy_msm,0.417,0.3765,75.0,8.0,-0.0405
lr,spy_msm_tau_1_0.8_tau_2_0.72_lb_4,spy_msm,0.417,0.3765,75.0,8.0,-0.0405
lr,spy_msm_tau_1_0.8_tau_2_0.75_lb_4,spy_msm,0.417,0.3765,75.0,8.0,-0.0405
lr,perf_drop_0.05_lookback_4,perf,0.4152,0.3739,75.0,8.0,-0.0413
lr,perf_drop_0.15_lookback_4,perf,0.4062,0.3586,75.0,8.0,-0.0476
lr,timeout_msm_tau_1_0.88_tau_2_0.72_lb_4,timeout_msm,0.4224,0.3739,75.0,8.0,-0.0485
lr,timeout_msm_tau_1_0.83_tau_2_0.72_lb_6,timeout_msm,0.4183,0.3695,75.0,8.0,-0.0488
lr,timeout_msm_tau_1_0.83_tau_2_0.75_lb_6,timeout_msm,0.4183,0.3695,75.0,8.0,-0.0488
lr,timeout_msm_tau_1_0.83_tau_2_0.78_lb_6,timeout_msm,0.4183,0.3695,75.0,8.0,-0.0488
lr,timeout_msm_tau_1_0.88_tau_2_0.72_lb_6,timeout_msm,0.4183,0.3695,75.0,8.0,-0.0488
lr,timeout_msm_tau_1_0.88_tau_2_0.75_lb_6,timeout_msm,0.4183,0.3695,75.0,8.0,-0.0488
lr,timeout_msm_tau_1_0.88_tau_2_0.78_lb_6,timeout_msm,0.4183,0.3695,75.0,8.0,-0.0488
lr,timeout_msm_tau_1_0.8_tau_2_0.72_lb_6,timeout_msm,0.4183,0.3695,75.0,8.0,-0.0488
lr,timeout_msm_tau_1_0.8_tau_2_0.75_lb_6,timeout_msm,0.4183,0.3695,75.0,8.0,-0.0488
lr,msm_tau_1_0.88_tau_2_0.78_lb_4,msm,0.4217,0.3695,75.0,8.0,-0.0522
lr,fixed_9,fixed,0.413,0.3604,75.0,8.0,-0.0526
lr,perf_drop_0.2_lookback_4,perf,0.39,0.3371,75.0,8.0,-0.0529
lr,perf_drop_0.15_lookback_3,perf,0.4212,0.3681,75.0,8.0,-0.0531
lr,msm_tau_1_0.83_tau_2_0.72_lb_6,msm,0.4232,0.3695,75.0,8.0,-0.0537
lr,msm_tau_1_0.83_tau_2_0.75_lb_6,msm,0.4232,0.3695,75.0,8.0,-0.0537
lr,msm_tau_1_0.83_tau_2_0.78_lb_6,msm,0.4232,0.3695,75.0,8.0,-0.0537
lr,msm_tau_1_0.88_tau_2_0.72_lb_6,msm,0.4232,0.3695,75.0,8.0,-0.0537
lr,msm_tau_1_0.88_tau_2_0.75_lb_6,msm,0.4232,0.3695,75.0,8.0,-0.0537
lr,msm_tau_1_0.88_tau_2_0.78_lb_6,msm,0.4232,0.3695,75.0,8.0,-0.0537
lr,msm_tau_1_0.8_tau_2_0.72_lb_6,msm,0.4232,0.3695,75.0,8.0,-0.0537
lr,msm_tau_1_0.8_tau_2_0.75_lb_6,msm,0.4232,0.3695,75.0,8.0,-0.0537
lr,perf_drop_0.03_lookback_3,perf,0.4273,0.3724,75.0,8.0,-0.0549
lr,perf_drop_0.05_lookback_3,perf,0.4291,0.3735,75.0,8.0,-0.0556
lr,perf_drop_0.1_lookback_6,perf,0.407,0.3485,75.0,8.0,-0.0585
lr,perf_drop_0.1_lookback_4,perf,0.4205,0.3618,75.0,8.0,-0.0587
lr,spy_msm_tau_1_0.88_tau_2_0.72_lb_4,spy_msm,0.4203,0.3614,75.0,8.0,-0.0589
lr,spy_msm_tau_1_0.88_tau_2_0.75_lb_4,spy_msm,0.4203,0.3614,75.0,8.0,-0.0589
lr,perf_drop_0.05_lookback_6,perf,0.4193,0.3603,75.0,8.0,-0.059
lr,perf_drop_0.1_lookback_3,perf,0.4276,0.3681,75.0,8.0,-0.0595
lr,fixed_12,fixed,0.4085,0.3486,75.0,8.0,-0.0599
lr,spy_msm_tau_1_0.88_tau_2_0.72_lb_6,spy_msm,0.4242,0.3622,75.0,8.0,-0.062
lr,spy_msm_tau_1_0.88_tau_2_0.75_lb_6,spy_msm,0.4242,0.3622,75.0,8.0,-0.062
lr,spy_msm_tau_1_0.88_tau_2_0.78_lb_6,spy_msm,0.4242,0.3622,75.0,8.0,-0.062
lr,spy_msm_tau_1_0.83_tau_2_0.72_lb_3,spy_msm,0.4107,0.3436,75.0,8.0,-0.0671
lr,spy_msm_tau_1_0.83_tau_2_0.75_lb_3,spy_msm,0.4107,0.3436,75.0,8.0,-0.0671
lr,spy_msm_tau_1_0.83_tau_2_0.78_lb_3,spy_msm,0.4107,0.3436,75.0,8.0,-0.0671
lr,spy_msm_tau_1_0.8_tau_2_0.72_lb_3,spy_msm,0.4107,0.3436,75.0,8.0,-0.0671
lr,spy_msm_tau_1_0.8_tau_2_0.75_lb_3,spy_msm,0.4107,0.3436,75.0,8.0,-0.0671
lr,perf_drop_0.15_lookback_6,perf,0.399,0.3297,75.0,8.0,-0.0693
lr,fixed_6,fixed,0.4233,0.3505,75.0,8.0,-0.0728
lr,timeout_msm_tau_1_0.88_tau_2_0.75_lb_4,timeout_msm,0.4209,0.3456,75.0,8.0,-0.0753
lr,timeout_msm_tau_1_0.88_tau_2_0.78_lb_4,timeout_msm,0.4209,0.3456,75.0,8.0,-0.0753
lr,perf_drop_0.2_lookback_3,perf,0.4104,0.3345,75.0,8.0,-0.0759
lr,spy_msm_tau_1_0.88_tau_2_0.78_lb_3,spy_msm,0.4234,0.3447,75.0,8.0,-0.0787
lr,timeout_msm_tau_1_0.83_tau_2_0.72_lb_4,timeout_msm,0.4212,0.3408,75.0,8.0,-0.0804
lr,timeout_msm_tau_1_0.83_tau_2_0.75_lb_4,timeout_msm,0.4212,0.3408,75.0,8.0,-0.0804
lr,timeout_msm_tau_1_0.83_tau_2_0.78_lb_4,timeout_msm,0.4212,0.3408,75.0,8.0,-0.0804
lr,timeout_msm_tau_1_0.8_tau_2_0.72_lb_4,timeout_msm,0.4212,0.3408,75.0,8.0,-0.0804
lr,timeout_msm_tau_1_0.8_tau_2_0.75_lb_4,timeout_msm,0.4212,0.3408,75.0,8.0,-0.0804
lr,perf_drop_0.03_lookback_6,perf,0.4218,0.3409,75.0,8.0,-0.0809
lr,adwin_delta_0.01,adwin,0.4132,0.3322,75.0,8.0,-0.081
lr,msm_tau_1_0.83_tau_2_0.72_lb_4,msm,0.4225,0.3408,75.0,8.0,-0.0817
lr,msm_tau_1_0.83_tau_2_0.75_lb_4,msm,0.4225,0.3408,75.0,8.0,-0.0817
lr,msm_tau_1_0.83_tau_2_0.78_lb_4,msm,0.4225,0.3408,75.0,8.0,-0.0817
lr,msm_tau_1_0.8_tau_2_0.72_lb_4,msm,0.4225,0.3408,75.0,8.0,-0.0817
lr,msm_tau_1_0.8_tau_2_0.75_lb_4,msm,0.4225,0.3408,75.0,8.0,-0.0817
lr,adwin_delta_0.05,adwin,0.3901,0.308,75.0,8.0,-0.0821
lr,adwin_delta_0.1,adwin,0.3901,0.308,75.0,8.0,-0.0821
lr,perf_drop_0.2_lookback_6,perf,0.3901,0.308,75.0,8.0,-0.0821
lr,static,static,0.3901,0.308,75.0,8.0,-0.0821
lr,spy_msm_tau_1_0.88_tau_2_0.72_lb_3,spy_msm,0.4201,0.3319,75.0,8.0,-0.0882
lr,spy_msm_tau_1_0.88_tau_2_0.75_lb_3,spy_msm,0.4201,0.3319,75.0,8.0,-0.0882
lr,msm_tau_1_0.8_tau_2_0.72_lb_3,msm,0.424,0.3304,75.0,8.0,-0.0936
lr,msm_tau_1_0.8_tau_2_0.75_lb_3,msm,0.424,0.3304,75.0,8.0,-0.0936
lr,timeout_msm_tau_1_0.8_tau_2_0.72_lb_3,timeout_msm,0.424,0.3304,75.0,8.0,-0.0936
lr,timeout_msm_tau_1_0.8_tau_2_0.75_lb_3,timeout_msm,0.424,0.3304,75.0,8.0,-0.0936
lr,spy_msm_tau_1_0.88_tau_2_0.78_lb_4,spy_msm,0.422,0.3277,75.0,8.0,-0.0943
lr,spy_msm_tau_1_0.83_tau_2_0.72_lb_6,spy_msm,0.4236,0.3185,75.0,8.0,-0.1051
lr,spy_msm_tau_1_0.83_tau_2_0.75_lb_6,spy_msm,0.4236,0.3185,75.0,8.0,-0.1051
lr,spy_msm_tau_1_0.83_tau_2_0.78_lb_6,spy_msm,0.4236,0.3185,75.0,8.0,-0.1051
lr,spy_msm_tau_1_0.8_tau_2_0.72_lb_6,spy_msm,0.4236,0.3185,75.0,8.0,-0.1051
lr,spy_msm_tau_1_0.8_tau_2_0.75_lb_6,spy_msm,0.4236,0.3185,75.0,8.0,-0.1051
lr,random,random,0.4095,0.2976,75.0,8.0,-0.1119
rf,causal_tau_1_0.88_tau_2_0.72_lb_3,causal,0.3796,0.4297,75.0,8.0,0.0501
rf,causal_tau_1_0.88_tau_2_0.75_lb_3,causal,0.3796,0.4297,75.0,8.0,0.0501
rf,causal_tau_1_0.88_tau_2_0.78_lb_3,causal,0.3796,0.4297,75.0,8.0,0.0501
rf,causal_tau_1_0.88_tau_2_0.72_lb_4,causal,0.3737,0.4231,75.0,8.0,0.0494
rf,causal_tau_1_0.88_tau_2_0.75_lb_4,causal,0.3737,0.4231,75.0,8.0,0.0494
rf,fixed_12,fixed,0.4072,0.4533,75.0,8.0,0.0461
rf,causal_tau_1_0.83_tau_2_0.72_lb_6,causal,0.3818,0.4266,75.0,8.0,0.0448
rf,causal_tau_1_0.83_tau_2_0.75_lb_6,causal,0.3818,0.4266,75.0,8.0,0.0448
rf,causal_tau_1_0.83_tau_2_0.78_lb_6,causal,0.3818,0.4266,75.0,8.0,0.0448
rf,causal_tau_1_0.88_tau_2_0.72_lb_6,causal,0.3818,0.4266,75.0,8.0,0.0448
rf,causal_tau_1_0.88_tau_2_0.75_lb_6,causal,0.3818,0.4266,75.0,8.0,0.0448
rf,causal_tau_1_0.88_tau_2_0.78_lb_6,causal,0.3818,0.4266,75.0,8.0,0.0448
rf,causal_tau_1_0.8_tau_2_0.72_lb_6,causal,0.3818,0.4266,75.0,8.0,0.0448
rf,causal_tau_1_0.8_tau_2_0.75_lb_6,causal,0.3818,0.4266,75.0,8.0,0.0448
rf,perf_drop_0.03_lookback_6,perf,0.4235,0.4654,75.0,8.0,0.0419
rf,causal_tau_1_0.88_tau_2_0.78_lb_4,causal,0.3859,0.4266,75.0,8.0,0.0407
rf,perf_drop_0.1_lookback_3,perf,0.427,0.4614,75.0,8.0,0.0344
rf,msm_tau_1_0.83_tau_2_0.72_lb_6,msm,0.4191,0.4533,75.0,8.0,0.0342
rf,msm_tau_1_0.83_tau_2_0.75_lb_6,msm,0.4191,0.4533,75.0,8.0,0.0342
rf,msm_tau_1_0.83_tau_2_0.78_lb_6,msm,0.4191,0.4533,75.0,8.0,0.0342
rf,msm_tau_1_0.88_tau_2_0.72_lb_6,msm,0.4191,0.4533,75.0,8.0,0.0342
rf,msm_tau_1_0.88_tau_2_0.75_lb_6,msm,0.4191,0.4533,75.0,8.0,0.0342
rf,msm_tau_1_0.88_tau_2_0.78_lb_6,msm,0.4191,0.4533,75.0,8.0,0.0342
rf,msm_tau_1_0.8_tau_2_0.72_lb_6,msm,0.4191,0.4533,75.0,8.0,0.0342
rf,msm_tau_1_0.8_tau_2_0.75_lb_6,msm,0.4191,0.4533,75.0,8.0,0.0342
rf,causal_tau_1_0.83_tau_2_0.78_lb_3,causal,0.3821,0.4148,75.0,8.0,0.0327
rf,timeout_msm_tau_1_0.83_tau_2_0.72_lb_6,timeout_msm,0.4212,0.4533,75.0,8.0,0.0321
rf,timeout_msm_tau_1_0.83_tau_2_0.75_lb_6,timeout_msm,0.4212,0.4533,75.0,8.0,0.0321
rf,timeout_msm_tau_1_0.83_tau_2_0.78_lb_6,timeout_msm,0.4212,0.4533,75.0,8.0,0.0321
rf,timeout_msm_tau_1_0.88_tau_2_0.72_lb_6,timeout_msm,0.4212,0.4533,75.0,8.0,0.0321
rf,timeout_msm_tau_1_0.88_tau_2_0.75_lb_6,timeout_msm,0.4212,0.4533,75.0,8.0,0.0321
rf,timeout_msm_tau_1_0.88_tau_2_0.78_lb_6,timeout_msm,0.4212,0.4533,75.0,8.0,0.0321
rf,timeout_msm_tau_1_0.8_tau_2_0.72_lb_6,timeout_msm,0.4212,0.4533,75.0,8.0,0.0321
rf,timeout_msm_tau_1_0.8_tau_2_0.75_lb_6,timeout_msm,0.4212,0.4533,75.0,8.0,0.0321
rf,fixed_6,fixed,0.4236,0.4533,75.0,8.0,0.0297
rf,msm_tau_1_0.88_tau_2_0.78_lb_4,msm,0.4245,0.4533,75.0,8.0,0.0288
rf,timeout_msm_tau_1_0.88_tau_2_0.75_lb_4,timeout_msm,0.4329,0.4613,75.0,8.0,0.0284
rf,timeout_msm_tau_1_0.88_tau_2_0.78_lb_4,timeout_msm,0.4329,0.4613,75.0,8.0,0.0284
rf,causal_tau_1_0.83_tau_2_0.72_lb_4,causal,0.3891,0.417,75.0,8.0,0.0279
rf,causal_tau_1_0.83_tau_2_0.75_lb_4,causal,0.3891,0.417,75.0,8.0,0.0279
rf,causal_tau_1_0.83_tau_2_0.78_lb_4,causal,0.3891,0.417,75.0,8.0,0.0279
rf,causal_tau_1_0.8_tau_2_0.72_lb_4,causal,0.3891,0.417,75.0,8.0,0.0279
rf,causal_tau_1_0.8_tau_2_0.75_lb_4,causal,0.3891,0.417,75.0,8.0,0.0279
rf,perf_drop_0.15_lookback_3,perf,0.4017,0.4172,75.0,8.0,0.0155
rf,causal_tau_1_0.83_tau_2_0.72_lb_3,causal,0.3923,0.4063,75.0,8.0,0.014
rf,causal_tau_1_0.83_tau_2_0.75_lb_3,causal,0.3923,0.4063,75.0,8.0,0.014
rf,fixed_3,fixed,0.4252,0.4392,75.0,8.0,0.014
rf,random,random,0.3905,0.4001,75.0,8.0,0.0096
rf,msm_tau_1_0.83_tau_2_0.72_lb_3,msm,0.4212,0.4307,75.0,8.0,0.0095
rf,msm_tau_1_0.83_tau_2_0.75_lb_3,msm,0.4212,0.4307,75.0,8.0,0.0095
rf,timeout_msm_tau_1_0.83_tau_2_0.72_lb_3,timeout_msm,0.4212,0.4307,75.0,8.0,0.0095
rf,timeout_msm_tau_1_0.83_tau_2_0.75_lb_3,timeout_msm,0.4212,0.4307,75.0,8.0,0.0095
rf,perf_drop_0.1_lookback_6,perf,0.3944,0.3952,75.0,8.0,0.0008
rf,fixed_9,fixed,0.4099,0.4083,75.0,8.0,-0.0016
rf,perf_drop_0.1_lookback_4,perf,0.4023,0.4001,75.0,8.0,-0.0022
rf,causal_tau_1_0.8_tau_2_0.72_lb_3,causal,0.4112,0.4069,75.0,8.0,-0.0043
rf,causal_tau_1_0.8_tau_2_0.75_lb_3,causal,0.4112,0.4069,75.0,8.0,-0.0043
rf,msm_tau_1_0.83_tau_2_0.72_lb_4,msm,0.4294,0.4243,75.0,8.0,-0.0051
rf,msm_tau_1_0.83_tau_2_0.75_lb_4,msm,0.4294,0.4243,75.0,8.0,-0.0051
rf,msm_tau_1_0.83_tau_2_0.78_lb_4,msm,0.4294,0.4243,75.0,8.0,-0.0051
rf,msm_tau_1_0.8_tau_2_0.72_lb_4,msm,0.4294,0.4243,75.0,8.0,-0.0051
rf,msm_tau_1_0.8_tau_2_0.75_lb_4,msm,0.4294,0.4243,75.0,8.0,-0.0051
rf,perf_drop_0.05_lookback_3,perf,0.4275,0.4204,75.0,8.0,-0.0071
rf,msm_tau_1_0.88_tau_2_0.72_lb_3,msm,0.4184,0.4074,75.0,8.0,-0.011
rf,msm_tau_1_0.88_tau_2_0.75_lb_3,msm,0.4184,0.4074,75.0,8.0,-0.011
rf,msm_tau_1_0.88_tau_2_0.78_lb_3,msm,0.4184,0.4074,75.0,8.0,-0.011
rf,timeout_msm_tau_1_0.88_tau_2_0.72_lb_3,timeout_msm,0.4184,0.4074,75.0,8.0,-0.011
rf,timeout_msm_tau_1_0.88_tau_2_0.75_lb_3,timeout_msm,0.4184,0.4074,75.0,8.0,-0.011
rf,timeout_msm_tau_1_0.88_tau_2_0.78_lb_3,timeout_msm,0.4184,0.4074,75.0,8.0,-0.011
rf,adwin_delta_0.01,adwin,0.3655,0.3543,75.0,8.0,-0.0112
rf,adwin_delta_0.05,adwin,0.3655,0.3543,75.0,8.0,-0.0112
rf,adwin_delta_0.1,adwin,0.3655,0.3543,75.0,8.0,-0.0112
rf,perf_drop_0.15_lookback_4,perf,0.3655,0.3543,75.0,8.0,-0.0112
rf,perf_drop_0.15_lookback_6,perf,0.3655,0.3543,75.0,8.0,-0.0112
rf,perf_drop_0.2_lookback_3,perf,0.3655,0.3543,75.0,8.0,-0.0112
rf,perf_drop_0.2_lookback_4,perf,0.3655,0.3543,75.0,8.0,-0.0112
rf,perf_drop_0.2_lookback_6,perf,0.3655,0.3543,75.0,8.0,-0.0112
rf,static,static,0.3655,0.3543,75.0,8.0,-0.0112
rf,perf_drop_0.05_lookback_6,perf,0.4251,0.4057,75.0,8.0,-0.0194
rf,perf_drop_0.03_lookback_4,perf,0.4246,0.4042,75.0,8.0,-0.0204
rf,timeout_msm_tau_1_0.88_tau_2_0.72_lb_4,timeout_msm,0.4245,0.4039,75.0,8.0,-0.0206
rf,perf_drop_0.05_lookback_4,perf,0.4215,0.3989,75.0,8.0,-0.0226
rf,perf_drop_0.03_lookback_3,perf,0.4256,0.4026,75.0,8.0,-0.023
rf,msm_tau_1_0.83_tau_2_0.78_lb_3,msm,0.4274,0.4039,75.0,8.0,-0.0235
rf,timeout_msm_tau_1_0.83_tau_2_0.78_lb_3,timeout_msm,0.4274,0.4039,75.0,8.0,-0.0235
rf,msm_tau_1_0.8_tau_2_0.72_lb_3,msm,0.4275,0.4032,75.0,8.0,-0.0243
rf,msm_tau_1_0.8_tau_2_0.75_lb_3,msm,0.4275,0.4032,75.0,8.0,-0.0243
rf,timeout_msm_tau_1_0.8_tau_2_0.72_lb_3,timeout_msm,0.4275,0.4032,75.0,8.0,-0.0243
rf,timeout_msm_tau_1_0.8_tau_2_0.75_lb_3,timeout_msm,0.4275,0.4032,75.0,8.0,-0.0243
rf,msm_tau_1_0.88_tau_2_0.72_lb_4,msm,0.4219,0.3934,75.0,8.0,-0.0285
rf,msm_tau_1_0.88_tau_2_0.75_lb_4,msm,0.4219,0.3934,75.0,8.0,-0.0285
rf,timeout_msm_tau_1_0.83_tau_2_0.72_lb_4,timeout_msm,0.4259,0.397,75.0,8.0,-0.0289
rf,timeout_msm_tau_1_0.83_tau_2_0.75_lb_4,timeout_msm,0.4259,0.397,75.0,8.0,-0.0289
rf,timeout_msm_tau_1_0.83_tau_2_0.78_lb_4,timeout_msm,0.4259,0.397,75.0,8.0,-0.0289
rf,timeout_msm_tau_1_0.8_tau_2_0.72_lb_4,timeout_msm,0.4259,0.397,75.0,8.0,-0.0289
rf,timeout_msm_tau_1_0.8_tau_2_0.75_lb_4,timeout_msm,0.4259,0.397,75.0,8.0,-0.0289
rf,spy_msm_tau_1_0.83_tau_2_0.72_lb_6,spy_msm,0.4139,0.3779,75.0,8.0,-0.036
rf,spy_msm_tau_1_0.83_tau_2_0.75_lb_6,spy_msm,0.4139,0.3779,75.0,8.0,-0.036
rf,spy_msm_tau_1_0.83_tau_2_0.78_lb_6,spy_msm,0.4139,0.3779,75.0,8.0,-0.036
rf,spy_msm_tau_1_0.8_tau_2_0.72_lb_6,spy_msm,0.4139,0.3779,75.0,8.0,-0.036
rf,spy_msm_tau_1_0.8_tau_2_0.75_lb_6,spy_msm,0.4139,0.3779,75.0,8.0,-0.036
rf,spy_msm_tau_1_0.83_tau_2_0.72_lb_4,spy_msm,0.4177,0.3731,75.0,8.0,-0.0446
rf,spy_msm_tau_1_0.83_tau_2_0.75_lb_4,spy_msm,0.4177,0.3731,75.0,8.0,-0.0446
rf,spy_msm_tau_1_0.83_tau_2_0.78_lb_4,spy_msm,0.4177,0.3731,75.0,8.0,-0.0446
rf,spy_msm_tau_1_0.8_tau_2_0.72_lb_4,spy_msm,0.4177,0.3731,75.0,8.0,-0.0446
rf,spy_msm_tau_1_0.8_tau_2_0.75_lb_4,spy_msm,0.4177,0.3731,75.0,8.0,-0.0446
rf,spy_msm_tau_1_0.83_tau_2_0.72_lb_3,spy_msm,0.4233,0.3721,75.0,8.0,-0.0512
rf,spy_msm_tau_1_0.83_tau_2_0.75_lb_3,spy_msm,0.4233,0.3721,75.0,8.0,-0.0512
rf,spy_msm_tau_1_0.83_tau_2_0.78_lb_3,spy_msm,0.4233,0.3721,75.0,8.0,-0.0512
rf,spy_msm_tau_1_0.8_tau_2_0.72_lb_3,spy_msm,0.4233,0.3721,75.0,8.0,-0.0512
rf,spy_msm_tau_1_0.8_tau_2_0.75_lb_3,spy_msm,0.4233,0.3721,75.0,8.0,-0.0512
rf,spy_msm_tau_1_0.88_tau_2_0.72_lb_6,spy_msm,0.4239,0.3638,75.0,8.0,-0.0601
rf,spy_msm_tau_1_0.88_tau_2_0.75_lb_6,spy_msm,0.4239,0.3638,75.0,8.0,-0.0601
rf,spy_msm_tau_1_0.88_tau_2_0.78_lb_6,spy_msm,0.4239,0.3638,75.0,8.0,-0.0601
rf,spy_msm_tau_1_0.88_tau_2_0.72_lb_4,spy_msm,0.4259,0.3617,75.0,8.0,-0.0642
rf,spy_msm_tau_1_0.88_tau_2_0.75_lb_4,spy_msm,0.4259,0.3617,75.0,8.0,-0.0642
rf,spy_msm_tau_1_0.88_tau_2_0.78_lb_4,spy_msm,0.4287,0.3631,75.0,8.0,-0.0656
rf,spy_msm_tau_1_0.88_tau_2_0.78_lb_3,spy_msm,0.4389,0.3683,75.0,8.0,-0.0706
rf,spy_msm_tau_1_0.88_tau_2_0.72_lb_3,spy_msm,0.4299,0.355,75.0,8.0,-0.0749
rf,spy_msm_tau_1_0.88_tau_2_0.75_lb_3,spy_msm,0.4299,0.355,75.0,8.0,-0.0749
xgboost,msm_tau_1_0.88_tau_2_0.78_lb_4,msm,0.4112,0.513,75.0,8.0,0.1018
xgboost,msm_tau_1_0.83_tau_2_0.72_lb_6,msm,0.412,0.513,75.0,8.0,0.101
xgboost,msm_tau_1_0.83_tau_2_0.75_lb_6,msm,0.412,0.513,75.0,8.0,0.101
xgboost,msm_tau_1_0.83_tau_2_0.78_lb_6,msm,0.412,0.513,75.0,8.0,0.101
xgboost,msm_tau_1_0.88_tau_2_0.72_lb_6,msm,0.412,0.513,75.0,8.0,0.101
xgboost,msm_tau_1_0.88_tau_2_0.75_lb_6,msm,0.412,0.513,75.0,8.0,0.101
xgboost,msm_tau_1_0.88_tau_2_0.78_lb_6,msm,0.412,0.513,75.0,8.0,0.101
xgboost,msm_tau_1_0.8_tau_2_0.72_lb_6,msm,0.412,0.513,75.0,8.0,0.101
xgboost,msm_tau_1_0.8_tau_2_0.75_lb_6,msm,0.412,0.513,75.0,8.0,0.101
xgboost,causal_tau_1_0.83_tau_2_0.72_lb_6,causal,0.3792,0.4626,75.0,8.0,0.0834
xgboost,causal_tau_1_0.83_tau_2_0.75_lb_6,causal,0.3792,0.4626,75.0,8.0,0.0834
xgboost,causal_tau_1_0.83_tau_2_0.78_lb_6,causal,0.3792,0.4626,75.0,8.0,0.0834
xgboost,causal_tau_1_0.88_tau_2_0.72_lb_6,causal,0.3792,0.4626,75.0,8.0,0.0834
xgboost,causal_tau_1_0.88_tau_2_0.75_lb_6,causal,0.3792,0.4626,75.0,8.0,0.0834
xgboost,causal_tau_1_0.88_tau_2_0.78_lb_6,causal,0.3792,0.4626,75.0,8.0,0.0834
xgboost,causal_tau_1_0.8_tau_2_0.72_lb_6,causal,0.3792,0.4626,75.0,8.0,0.0834
xgboost,causal_tau_1_0.8_tau_2_0.75_lb_6,causal,0.3792,0.4626,75.0,8.0,0.0834
xgboost,causal_tau_1_0.88_tau_2_0.78_lb_4,causal,0.3807,0.4626,75.0,8.0,0.0819
xgboost,perf_drop_0.03_lookback_6,perf,0.4286,0.4883,75.0,8.0,0.0597
xgboost,timeout_msm_tau_1_0.83_tau_2_0.72_lb_6,timeout_msm,0.4324,0.4897,75.0,8.0,0.0573
xgboost,timeout_msm_tau_1_0.83_tau_2_0.75_lb_6,timeout_msm,0.4324,0.4897,75.0,8.0,0.0573
xgboost,timeout_msm_tau_1_0.83_tau_2_0.78_lb_6,timeout_msm,0.4324,0.4897,75.0,8.0,0.0573
xgboost,timeout_msm_tau_1_0.88_tau_2_0.72_lb_6,timeout_msm,0.4324,0.4897,75.0,8.0,0.0573
xgboost,timeout_msm_tau_1_0.88_tau_2_0.75_lb_6,timeout_msm,0.4324,0.4897,75.0,8.0,0.0573
xgboost,timeout_msm_tau_1_0.88_tau_2_0.78_lb_6,timeout_msm,0.4324,0.4897,75.0,8.0,0.0573
xgboost,timeout_msm_tau_1_0.8_tau_2_0.72_lb_6,timeout_msm,0.4324,0.4897,75.0,8.0,0.0573
xgboost,timeout_msm_tau_1_0.8_tau_2_0.75_lb_6,timeout_msm,0.4324,0.4897,75.0,8.0,0.0573
xgboost,causal_tau_1_0.88_tau_2_0.72_lb_4,causal,0.3816,0.4324,75.0,8.0,0.0508
xgboost,causal_tau_1_0.88_tau_2_0.75_lb_4,causal,0.3816,0.4324,75.0,8.0,0.0508
xgboost,fixed_3,fixed,0.4286,0.4766,75.0,8.0,0.048
xgboost,perf_drop_0.03_lookback_3,perf,0.4335,0.481,75.0,8.0,0.0475
xgboost,fixed_12,fixed,0.4165,0.457,75.0,8.0,0.0405
xgboost,causal_tau_1_0.88_tau_2_0.72_lb_3,causal,0.3835,0.4146,75.0,8.0,0.0311
xgboost,causal_tau_1_0.88_tau_2_0.75_lb_3,causal,0.3835,0.4146,75.0,8.0,0.0311
xgboost,causal_tau_1_0.88_tau_2_0.78_lb_3,causal,0.3835,0.4146,75.0,8.0,0.0311
xgboost,msm_tau_1_0.83_tau_2_0.72_lb_4,msm,0.4261,0.4456,75.0,8.0,0.0195
xgboost,msm_tau_1_0.83_tau_2_0.75_lb_4,msm,0.4261,0.4456,75.0,8.0,0.0195
xgboost,msm_tau_1_0.83_tau_2_0.78_lb_4,msm,0.4261,0.4456,75.0,8.0,0.0195
xgboost,msm_tau_1_0.8_tau_2_0.72_lb_4,msm,0.4261,0.4456,75.0,8.0,0.0195
xgboost,msm_tau_1_0.8_tau_2_0.75_lb_4,msm,0.4261,0.4456,75.0,8.0,0.0195
xgboost,causal_tau_1_0.83_tau_2_0.72_lb_3,causal,0.399,0.4174,75.0,8.0,0.0184
xgboost,causal_tau_1_0.83_tau_2_0.75_lb_3,causal,0.399,0.4174,75.0,8.0,0.0184
xgboost,perf_drop_0.05_lookback_6,perf,0.4302,0.4454,75.0,8.0,0.0152
xgboost,fixed_6,fixed,0.4338,0.4462,75.0,8.0,0.0124
xgboost,timeout_msm_tau_1_0.88_tau_2_0.72_lb_4,timeout_msm,0.4434,0.4536,75.0,8.0,0.0102
xgboost,causal_tau_1_0.8_tau_2_0.72_lb_3,causal,0.4175,0.4257,75.0,8.0,0.0082
xgboost,causal_tau_1_0.8_tau_2_0.75_lb_3,causal,0.4175,0.4257,75.0,8.0,0.0082
xgboost,causal_tau_1_0.83_tau_2_0.78_lb_3,causal,0.4037,0.4109,75.0,8.0,0.0072
xgboost,causal_tau_1_0.83_tau_2_0.72_lb_4,causal,0.403,0.4095,75.0,8.0,0.0065
xgboost,causal_tau_1_0.83_tau_2_0.75_lb_4,causal,0.403,0.4095,75.0,8.0,0.0065
xgboost,causal_tau_1_0.83_tau_2_0.78_lb_4,causal,0.403,0.4095,75.0,8.0,0.0065
xgboost,causal_tau_1_0.8_tau_2_0.72_lb_4,causal,0.403,0.4095,75.0,8.0,0.0065
xgboost,causal_tau_1_0.8_tau_2_0.75_lb_4,causal,0.403,0.4095,75.0,8.0,0.0065
xgboost,perf_drop_0.15_lookback_4,perf,0.4275,0.4333,75.0,8.0,0.0058
xgboost,perf_drop_0.1_lookback_6,perf,0.4404,0.4455,75.0,8.0,0.0051
xgboost,perf_drop_0.05_lookback_4,perf,0.4295,0.4257,75.0,8.0,-0.0038
xgboost,msm_tau_1_0.83_tau_2_0.72_lb_3,msm,0.4406,0.4349,75.0,8.0,-0.0057
xgboost,msm_tau_1_0.83_tau_2_0.75_lb_3,msm,0.4406,0.4349,75.0,8.0,-0.0057
xgboost,timeout_msm_tau_1_0.83_tau_2_0.72_lb_3,timeout_msm,0.4406,0.4349,75.0,8.0,-0.0057
xgboost,timeout_msm_tau_1_0.83_tau_2_0.75_lb_3,timeout_msm,0.4406,0.4349,75.0,8.0,-0.0057
xgboost,msm_tau_1_0.83_tau_2_0.78_lb_3,msm,0.4346,0.4286,75.0,8.0,-0.006
xgboost,timeout_msm_tau_1_0.83_tau_2_0.78_lb_3,timeout_msm,0.4346,0.4286,75.0,8.0,-0.006
xgboost,perf_drop_0.05_lookback_3,perf,0.434,0.4278,75.0,8.0,-0.0062
xgboost,msm_tau_1_0.88_tau_2_0.72_lb_4,msm,0.42,0.4124,75.0,8.0,-0.0076
xgboost,msm_tau_1_0.88_tau_2_0.75_lb_4,msm,0.42,0.4124,75.0,8.0,-0.0076
xgboost,spy_msm_tau_1_0.83_tau_2_0.72_lb_6,spy_msm,0.4184,0.4056,75.0,8.0,-0.0128
xgboost,spy_msm_tau_1_0.83_tau_2_0.75_lb_6,spy_msm,0.4184,0.4056,75.0,8.0,-0.0128
xgboost,spy_msm_tau_1_0.83_tau_2_0.78_lb_6,spy_msm,0.4184,0.4056,75.0,8.0,-0.0128
xgboost,spy_msm_tau_1_0.8_tau_2_0.72_lb_6,spy_msm,0.4184,0.4056,75.0,8.0,-0.0128
xgboost,spy_msm_tau_1_0.8_tau_2_0.75_lb_6,spy_msm,0.4184,0.4056,75.0,8.0,-0.0128
xgboost,timeout_msm_tau_1_0.88_tau_2_0.75_lb_4,timeout_msm,0.442,0.4268,75.0,8.0,-0.0152
xgboost,timeout_msm_tau_1_0.88_tau_2_0.78_lb_4,timeout_msm,0.442,0.4268,75.0,8.0,-0.0152
xgboost,msm_tau_1_0.88_tau_2_0.72_lb_3,msm,0.4399,0.4231,75.0,8.0,-0.0168
xgboost,msm_tau_1_0.88_tau_2_0.75_lb_3,msm,0.4399,0.4231,75.0,8.0,-0.0168
xgboost,msm_tau_1_0.88_tau_2_0.78_lb_3,msm,0.4399,0.4231,75.0,8.0,-0.0168
xgboost,timeout_msm_tau_1_0.88_tau_2_0.72_lb_3,timeout_msm,0.4399,0.4231,75.0,8.0,-0.0168
xgboost,timeout_msm_tau_1_0.88_tau_2_0.75_lb_3,timeout_msm,0.4399,0.4231,75.0,8.0,-0.0168
xgboost,timeout_msm_tau_1_0.88_tau_2_0.78_lb_3,timeout_msm,0.4399,0.4231,75.0,8.0,-0.0168
xgboost,adwin_delta_0.01,adwin,0.3741,0.3562,75.0,8.0,-0.0179
xgboost,adwin_delta_0.05,adwin,0.3741,0.3562,75.0,8.0,-0.0179
xgboost,adwin_delta_0.1,adwin,0.3741,0.3562,75.0,8.0,-0.0179
xgboost,perf_drop_0.2_lookback_4,perf,0.3741,0.3562,75.0,8.0,-0.0179
xgboost,perf_drop_0.2_lookback_6,perf,0.3741,0.3562,75.0,8.0,-0.0179
xgboost,static,static,0.3741,0.3562,75.0,8.0,-0.0179
xgboost,spy_msm_tau_1_0.88_tau_2_0.78_lb_4,spy_msm,0.4252,0.4035,75.0,8.0,-0.0217
xgboost,fixed_9,fixed,0.436,0.4124,75.0,8.0,-0.0236
xgboost,perf_drop_0.1_lookback_4,perf,0.4356,0.4108,75.0,8.0,-0.0248
xgboost,perf_drop_0.03_lookback_4,perf,0.4229,0.3932,75.0,8.0,-0.0297
xgboost,spy_msm_tau_1_0.83_tau_2_0.72_lb_4,spy_msm,0.4355,0.4034,75.0,8.0,-0.0321
xgboost,spy_msm_tau_1_0.83_tau_2_0.75_lb_4,spy_msm,0.4355,0.4034,75.0,8.0,-0.0321
xgboost,spy_msm_tau_1_0.83_tau_2_0.78_lb_4,spy_msm,0.4355,0.4034,75.0,8.0,-0.0321
xgboost,spy_msm_tau_1_0.8_tau_2_0.72_lb_4,spy_msm,0.4355,0.4034,75.0,8.0,-0.0321
xgboost,spy_msm_tau_1_0.8_tau_2_0.75_lb_4,spy_msm,0.4355,0.4034,75.0,8.0,-0.0321
xgboost,random,random,0.4184,0.3846,75.0,8.0,-0.0338
xgboost,timeout_msm_tau_1_0.83_tau_2_0.72_lb_4,timeout_msm,0.4262,0.3898,75.0,8.0,-0.0364
xgboost,timeout_msm_tau_1_0.83_tau_2_0.75_lb_4,timeout_msm,0.4262,0.3898,75.0,8.0,-0.0364
xgboost,timeout_msm_tau_1_0.83_tau_2_0.78_lb_4,timeout_msm,0.4262,0.3898,75.0,8.0,-0.0364
xgboost,timeout_msm_tau_1_0.8_tau_2_0.72_lb_4,timeout_msm,0.4262,0.3898,75.0,8.0,-0.0364
xgboost,timeout_msm_tau_1_0.8_tau_2_0.75_lb_4,timeout_msm,0.4262,0.3898,75.0,8.0,-0.0364
xgboost,msm_tau_1_0.8_tau_2_0.72_lb_3,msm,0.4405,0.4024,75.0,8.0,-0.0381
xgboost,msm_tau_1_0.8_tau_2_0.75_lb_3,msm,0.4405,0.4024,75.0,8.0,-0.0381
xgboost,timeout_msm_tau_1_0.8_tau_2_0.72_lb_3,timeout_msm,0.4405,0.4024,75.0,8.0,-0.0381
xgboost,timeout_msm_tau_1_0.8_tau_2_0.75_lb_3,timeout_msm,0.4405,0.4024,75.0,8.0,-0.0381
xgboost,spy_msm_tau_1_0.88_tau_2_0.72_lb_6,spy_msm,0.432,0.3932,75.0,8.0,-0.0388
xgboost,spy_msm_tau_1_0.88_tau_2_0.75_lb_6,spy_msm,0.432,0.3932,75.0,8.0,-0.0388
xgboost,spy_msm_tau_1_0.88_tau_2_0.78_lb_6,spy_msm,0.432,0.3932,75.0,8.0,-0.0388
xgboost,perf_drop_0.1_lookback_3,perf,0.4248,0.3834,75.0,8.0,-0.0414
xgboost,spy_msm_tau_1_0.88_tau_2_0.72_lb_4,spy_msm,0.4238,0.3667,75.0,8.0,-0.0571
xgboost,spy_msm_tau_1_0.88_tau_2_0.75_lb_4,spy_msm,0.4238,0.3667,75.0,8.0,-0.0571
xgboost,perf_drop_0.2_lookback_3,perf,0.3968,0.3335,75.0,8.0,-0.0633
xgboost,spy_msm_tau_1_0.88_tau_2_0.72_lb_3,spy_msm,0.4231,0.3533,75.0,8.0,-0.0698
xgboost,spy_msm_tau_1_0.88_tau_2_0.75_lb_3,spy_msm,0.4231,0.3533,75.0,8.0,-0.0698
xgboost,spy_msm_tau_1_0.83_tau_2_0.72_lb_3,spy_msm,0.4281,0.3545,75.0,8.0,-0.0736
xgboost,spy_msm_tau_1_0.83_tau_2_0.75_lb_3,spy_msm,0.4281,0.3545,75.0,8.0,-0.0736
xgboost,spy_msm_tau_1_0.83_tau_2_0.78_lb_3,spy_msm,0.4281,0.3545,75.0,8.0,-0.0736
xgboost,spy_msm_tau_1_0.8_tau_2_0.72_lb_3,spy_msm,0.4281,0.3545,75.0,8.0,-0.0736
xgboost,spy_msm_tau_1_0.8_tau_2_0.75_lb_3,spy_msm,0.4281,0.3545,75.0,8.0,-0.0736
xgboost,perf_drop_0.15_lookback_6,perf,0.4194,0.3441,75.0,8.0,-0.0753
xgboost,spy_msm_tau_1_0.88_tau_2_0.78_lb_3,spy_msm,0.43,0.351,75.0,8.0,-0.079
xgboost,perf_drop_0.15_lookback_3,perf,0.4379,0.3455,75.0,8.0,-0.0924
