window,date_start,date_end,total_edges,graph_msm,msm_trigger,static_f1,msm_f1,f1_delta
1,2017-01-04,2019-01-04,22,1.0,False,0.3813,0.3813,0.0
2,2017-02-03,2019-02-05,14,0.8182,False,0.2267,0.2267,0.0
3,2017-03-07,2019-03-07,19,0.8333,False,0.5428,0.5428,0.0
4,2017-04-05,2019-04-05,15,0.7955,False,0.56,0.56,0.0
5,2017-05-05,2019-05-07,15,0.7875,False,0.4583,0.4583,0.0
6,2017-06-06,2019-06-06,15,0.8,False,0.3167,0.3167,0.0
7,2017-07-06,2019-07-08,26,0.6339,False,0.2571,0.2571,0.0
8,2017-08-04,2019-08-06,24,0.6667,False,0.521,0.521,0.0
9,2017-09-05,2019-09-05,19,0.6774,False,0.2696,0.2696,0.0
10,2017-10-04,2019-10-04,21,0.625,False,0.3206,0.3206,0.0
11,2017-11-02,2019-11-04,16,0.6452,False,0.425,0.425,0.0
12,2017-12-04,2019-12-04,16,0.6923,False,0.3704,0.3704,0.0
13,2018-01-04,2020-01-06,19,0.72,False,0.3663,0.3663,0.0
14,2018-02-05,2020-02-05,17,0.85,False,0.5341,0.5341,0.0
15,2018-03-07,2020-03-06,25,0.6638,False,0.4136,0.4136,0.0
16,2018-04-06,2020-04-06,26,0.5878,True,0.3757,0.5399,0.1642
17,2018-05-07,2020-05-06,30,0.5698,True,0.326,0.3492,0.0232
18,2018-06-06,2020-06-05,20,0.6159,False,0.5167,0.4945,-0.0222
19,2018-07-06,2020-07-07,28,0.6667,False,0.4082,0.3672,-0.041
20,2018-08-06,2020-08-05,36,0.5938,True,0.3259,0.3577,0.0317
21,2018-09-05,2020-09-03,28,0.6667,False,0.401,0.3156,-0.0854
22,2018-10-04,2020-10-05,24,0.7073,False,0.2515,0.3667,0.1152
23,2018-11-02,2020-11-03,21,0.6812,False,0.3406,0.3072,-0.0333
24,2018-12-04,2020-12-03,22,0.7661,False,0.4123,0.5757,0.1634
25,2019-01-07,2021-01-05,32,0.6689,False,0.342,0.3421,0.0001
26,2019-02-06,2021-02-04,33,0.6279,False,0.3481,0.5162,0.168
27,2019-03-08,2021-03-08,24,0.6607,False,0.268,0.3285,0.0605
28,2019-04-08,2021-04-07,22,0.6607,False,0.2902,0.2692,-0.021
29,2019-05-08,2021-05-06,23,0.7286,False,0.2889,0.1942,-0.0947
30,2019-06-07,2021-06-07,19,0.8148,False,0.1833,0.3837,0.2004
31,2019-07-09,2021-07-07,22,0.7963,False,0.4921,0.598,0.106
32,2019-08-07,2021-08-05,22,0.7963,False,0.1448,0.3255,0.1807
33,2019-09-06,2021-09-03,23,0.86,False,0.5861,0.3667,-0.2194
34,2019-10-07,2021-10-05,25,0.8519,False,0.2407,0.5035,0.2627
35,2019-11-05,2021-11-03,24,0.8704,False,0.3652,0.484,0.1188
36,2019-12-05,2021-12-03,18,0.8333,False,0.4575,0.4857,0.0282
37,2020-01-07,2022-01-04,20,0.8365,False,0.3421,0.3175,-0.0246
38,2020-02-06,2022-02-03,31,0.6643,False,0.4889,0.3696,-0.1193
39,2020-03-09,2022-03-07,26,0.625,False,0.3815,0.3072,-0.0742
40,2020-04-07,2022-04-05,19,0.6154,False,0.2794,0.2658,-0.0136
41,2020-05-07,2022-05-05,25,0.5872,True,0.4222,0.4621,0.0399
42,2020-06-08,2022-06-06,22,0.6571,False,0.3007,0.3644,0.0637
43,2020-07-08,2022-07-07,30,0.6857,False,0.3988,0.4294,0.0306
44,2020-08-06,2022-08-05,23,0.6944,False,0.2406,0.1587,-0.0818
45,2020-09-04,2022-09-06,20,0.6786,False,0.4074,0.3081,-0.0993
46,2020-10-06,2022-10-05,20,0.6643,False,0.3117,0.7857,0.474
47,2020-11-04,2022-11-03,21,0.7,False,0.3155,0.5556,0.2401
48,2020-12-04,2022-12-05,18,0.8587,False,0.3485,0.366,0.0175
49,2021-01-06,2023-01-05,17,0.7917,False,0.307,0.4818,0.1748
50,2021-02-05,2023-02-06,15,0.7717,False,0.2804,0.5231,0.2427
51,2021-03-09,2023-03-08,29,0.6172,False,0.4222,0.4785,0.0563
52,2021-04-08,2023-04-06,18,0.6371,False,0.4367,0.6633,0.2266
53,2021-05-07,2023-05-08,31,0.6284,False,0.2372,0.4111,0.1739
54,2021-06-08,2023-06-07,28,0.6974,False,0.3995,0.3007,-0.0988
55,2021-07-08,2023-07-10,25,0.7286,False,0.1737,0.3624,0.1888
56,2021-08-06,2023-08-08,15,0.6689,False,0.2005,0.1667,-0.0338
57,2021-09-07,2023-09-07,16,0.6,False,0.1556,0.1538,-0.0017
58,2021-10-06,2023-10-06,16,0.6667,False,0.1333,0.3311,0.1978
59,2021-11-04,2023-11-06,15,0.775,False,0.0417,0.3778,0.3361
60,2021-12-06,2023-12-06,16,0.75,False,0.4745,0.3278,-0.1467
61,2022-01-05,2024-01-08,15,0.7381,False,0.3124,0.2675,-0.0449
62,2022-02-04,2024-02-07,23,0.69,False,0.4382,0.2,-0.2382
63,2022-03-08,2024-03-08,15,0.69,False,0.3833,0.2151,-0.1683
64,2022-04-06,2024-04-09,16,0.6389,False,0.3429,0.3174,-0.0254
65,2022-05-06,2024-05-08,14,0.6296,False,0.2857,0.3452,0.0595
66,2022-06-07,2024-06-07,18,0.8289,False,0.3683,0.4375,0.0692
67,2022-07-08,2024-07-10,24,0.6923,False,0.3086,0.4212,0.1126
68,2022-08-08,2024-08-08,24,0.6667,False,0.3519,0.4681,0.1162
69,2022-09-07,2024-09-09,22,0.6875,False,0.186,0.5335,0.3475
70,2022-10-06,2024-10-08,19,0.6742,False,0.2815,0.1667,-0.1148
71,2022-11-04,2024-11-06,19,0.7241,False,0.2799,0.235,-0.0448
72,2022-12-06,2024-12-06,17,0.77,False,0.3129,0.2271,-0.0858
73,2023-01-06,2025-01-08,18,0.7935,False,0.4235,0.3955,-0.028
74,2023-02-07,2025-02-10,27,0.6328,False,0.5352,0.6285,0.0933
75,2023-03-09,2025-03-12,21,0.6917,False,0.4211,0.2386,-0.1825
76,2023-04-10,2025-04-10,28,0.6351,False,0.3704,0.4218,0.0515
77,2023-05-09,2025-05-12,16,0.6216,False,0.2843,0.3788,0.0944
78,2023-06-08,2025-06-11,18,0.6694,False,0.3016,0.3762,0.0747
79,2023-07-11,2025-07-14,16,0.629,False,0.4686,0.3488,-0.1198
80,2023-08-09,2025-08-12,16,0.9167,False,0.2286,0.2884,0.0598
81,2023-09-08,2025-09-11,17,0.9306,False,0.1719,0.3021,0.1302
82,2023-10-09,2025-10-10,21,0.7609,False,0.5226,0.4286,-0.094
83,2023-11-07,2025-11-10,22,0.6786,False,0.4602,0.4302,-0.0301
