window,date_start,date_end,total_edges,retrain_triggered,signal_fired,cooldown_active,windows_since_retrain,f1,directional_acc,y_true,y_pred,best_params,graph_msm,unstable_edges,active_features,retrainer,model_type
1,2017-01-04,2019-01-04,22,False,False,False,0,0.1876,0.2353,"[2, 2, 2, 2, 2, 1, 0, 2, 2, 2, 2, 0, 1, 1, 2, 0, 0, 2, 2, 1, 2]","[2, 2, 0, 0, 0, 1, 1, 2, 1, 2, 1, 2, 2, 2, 0, 2, 1, 1, 1, 0, 0]","{""class_weight"": ""balanced"", ""max_depth"": null, ""max_features"": ""sqrt"", ""min_samples_leaf"": 2, ""min_samples_split"": 2, ""n_estimators"": 500}",1.0,{},"[""GLD_lr""]",causal_tau_1_0.8_tau_2_0.72_lb_6,rf
2,2017-02-03,2019-02-05,14,False,False,True,1,0.3193,0.4286,"[2, 0, 0, 1, 1, 2, 2, 0, 2, 1, 1, 0, 2, 1, 1, 1, 0, 2, 0, 0, 0]","[2, 2, 1, 1, 0, 2, 0, 1, 1, 0, 2, 0, 1, 2, 2, 0, 0, 0, 0, 1, 0]",null,1.0,{},"[""GLD_lr"", ""UUP_lr"", ""USO_lr"", ""VIX_ld"", ""OVX"", ""MOVE_d"", ""T10Y2Y_d"", ""BAA10Y_d"", ""DGS10_d"", ""USEPUINDXD_ld""]",causal_tau_1_0.8_tau_2_0.72_lb_6,rf
3,2017-03-07,2019-03-07,19,False,False,True,2,0.3471,0.4375,"[0, 0, 2, 2, 2, 1, 2, 2, 1, 0, 2, 0, 1, 2, 0, 2, 2, 2, 1, 1, 2]","[1, 0, 0, 0, 1, 0, 2, 2, 1, 0, 0, 1, 2, 2, 1, 0, 2, 0, 2, 0, 2]",null,1.0,{},"[""GLD_lr""]",causal_tau_1_0.8_tau_2_0.72_lb_6,rf
4,2017-04-05,2019-04-05,15,False,False,False,3,0.3767,0.3333,"[2, 1, 0, 2, 1, 2, 1, 1, 0, 1, 1, 2, 0, 1, 2, 1, 1, 0, 0, 2, 0]","[2, 1, 0, 0, 0, 2, 0, 1, 0, 1, 0, 1, 2, 2, 0, 1, 0, 1, 1, 1, 1]",null,1.0,{},"[""GLD_lr"", ""UUP_lr"", ""USO_lr"", ""VIX_ld"", ""OVX"", ""MOVE_d"", ""T10Y2Y_d"", ""BAA10Y_d"", ""DGS10_d"", ""USEPUINDXD_ld""]",causal_tau_1_0.8_tau_2_0.72_lb_6,rf
5,2017-05-05,2019-05-07,15,False,False,False,4,0.3158,0.4286,"[0, 0, 0, 2, 0, 2, 2, 2, 0, 0, 2, 0, 0, 2, 0, 0, 2, 0, 0, 2, 2]","[1, 2, 1, 0, 0, 2, 1, 0, 2, 2, 2, 2, 0, 2, 1, 2, 0, 0, 0, 2, 2]",null,1.0,{},"[""GLD_lr"", ""UUP_lr"", ""USO_lr"", ""VIX_ld"", ""OVX"", ""MOVE_d"", ""T10Y2Y_d"", ""BAA10Y_d"", ""DGS10_d"", ""USEPUINDXD_ld""]",causal_tau_1_0.8_tau_2_0.72_lb_6,rf
6,2017-06-06,2019-06-06,15,False,False,False,5,0.4286,0.375,"[2, 2, 2, 1, 0, 2, 1, 1, 2, 2, 2, 0, 0, 0, 1, 2, 2, 2, 2, 2, 1]","[1, 1, 1, 1, 0, 1, 0, 1, 1, 0, 0, 0, 0, 0, 0, 2, 1, 0, 0, 2, 1]",null,1.0,{},"[""GLD_lr"", ""UUP_lr"", ""USO_lr"", ""VIX_ld"", ""OVX"", ""MOVE_d"", ""T10Y2Y_d"", ""BAA10Y_d"", ""DGS10_d"", ""USEPUINDXD_ld""]",causal_tau_1_0.8_tau_2_0.72_lb_6,rf
7,2017-07-06,2019-07-08,26,False,False,False,6,0.2273,0.3158,"[0, 1, 2, 2, 2, 1, 0, 0, 2, 0, 2, 2, 2, 0, 2, 0, 0, 0, 0, 0, 0]","[1, 2, 1, 1, 1, 0, 1, 1, 0, 0, 1, 0, 0, 1, 2, 0, 2, 0, 0, 1, 0]",null,0.5778,{},"[""BAA10Y_d""]",causal_tau_1_0.8_tau_2_0.72_lb_6,rf
8,2017-08-04,2019-08-06,24,False,False,False,7,0.3201,0.3889,"[2, 1, 2, 0, 0, 2, 0, 2, 2, 2, 0, 2, 1, 0, 2, 0, 2, 2, 1, 0, 2]","[0, 0, 1, 1, 0, 0, 0, 0, 1, 0, 0, 0, 1, 0, 1, 0, 2, 0, 0, 0, 1]",null,0.5758,{},"[""VIX_ld""]",causal_tau_1_0.8_tau_2_0.72_lb_6,rf
9,2017-09-05,2019-09-05,19,False,False,False,8,0.3862,0.2857,"[2, 1, 1, 1, 2, 2, 1, 0, 2, 1, 1, 0, 1, 0, 2, 0, 0, 2, 0, 0, 2]","[0, 1, 1, 1, 0, 0, 2, 1, 0, 1, 0, 0, 1, 0, 0, 0, 2, 0, 2, 0, 1]",null,0.5938,{},"[""GLD_lr"", ""UUP_lr"", ""USO_lr"", ""VIX_ld"", ""OVX"", ""MOVE_d"", ""T10Y2Y_d"", ""BAA10Y_d"", ""DGS10_d"", ""USEPUINDXD_ld""]",causal_tau_1_0.8_tau_2_0.72_lb_6,rf
10,2017-10-04,2019-10-04,21,False,False,False,9,0.2879,0.3333,"[2, 0, 0, 2, 2, 2, 1, 2, 0, 2, 0, 2, 0, 2, 1, 2, 2, 1, 2, 0, 2]","[0, 1, 1, 2, 2, 0, 0, 1, 1, 1, 2, 2, 2, 1, 1, 0, 1, 2, 2, 0, 2]",null,0.5556,{},"[""GLD_lr"", ""UUP_lr"", ""USO_lr"", ""VIX_ld"", ""OVX"", ""MOVE_d"", ""T10Y2Y_d"", ""BAA10Y_d"", ""DGS10_d"", ""USEPUINDXD_ld""]",causal_tau_1_0.8_tau_2_0.72_lb_6,rf
11,2017-11-02,2019-11-04,16,False,False,False,10,0.3313,0.3077,"[2, 1, 1, 2, 2, 0, 1, 1, 1, 2, 1, 1, 0, 0, 1, 2, 2, 2, 0, 0, 0]","[2, 0, 1, 0, 1, 2, 1, 0, 2, 2, 2, 1, 1, 0, 0, 1, 0, 1, 1, 1, 0]",null,0.5602,{},"[""GLD_lr"", ""UUP_lr"", ""USO_lr"", ""VIX_ld"", ""OVX"", ""MOVE_d"", ""T10Y2Y_d"", ""BAA10Y_d"", ""DGS10_d"", ""USEPUINDXD_ld""]",causal_tau_1_0.8_tau_2_0.72_lb_6,rf
12,2017-12-04,2019-12-04,16,False,False,False,11,0.4444,0.6154,"[2, 1, 2, 0, 1, 2, 2, 1, 2, 1, 1, 2, 2, 1, 1, 2, 1, 0, 2, 2, 0]","[2, 2, 1, 0, 0, 0, 2, 1, 2, 0, 0, 2, 2, 0, 1, 0, 0, 2, 2, 1, 0]",null,0.5648,{},"[""GLD_lr"", ""UUP_lr"", ""USO_lr"", ""VIX_ld"", ""OVX"", ""MOVE_d"", ""T10Y2Y_d"", ""BAA10Y_d"", ""DGS10_d"", ""USEPUINDXD_ld""]",causal_tau_1_0.8_tau_2_0.72_lb_6,rf
13,2018-01-04,2020-01-06,19,True,True,False,0,0.5256,0.5333,"[2, 0, 2, 2, 0, 2, 0, 1, 2, 1, 0, 1, 1, 0, 0, 2, 1, 1, 0, 2, 2]","[0, 1, 0, 1, 2, 1, 1, 1, 2, 1, 0, 1, 0, 0, 0, 2, 0, 0, 0, 2, 2]","{""class_weight"": ""balanced"", ""max_depth"": 10, ""max_features"": ""sqrt"", ""min_samples_leaf"": 8, ""min_samples_split"": 20, ""n_estimators"": 100}",0.5808,"{""(7, 8, 4)"": 0.167, ""(0, 3, 3)"": 0.167, ""(0, 2, 1)"": 0.167, ""(1, 0, 1)"": 0.667, ""(8, 8, 2)"": 0.167, ""(9, 3, 3)"": 0.167, ""(3, 5, 2)"": 0.167, ""(9, 0, 4)"": 0.167, ""(6, 6, 3)"": 0.167, ""(0, 8, 1)"": 0.167, ""(3, 6, 0)"": 0.667, ""(1, 9, 0)"": 0.333, ""(2, 9, 0)"": 0.333, ""(6, 6, 2)"": 0.167, ""(3, 10, 0)"": 0.167, ""(9, 5, 2)"": 0.167, ""(1, 8, 3)"": 0.167, ""(7, 7, 3)"": 0.5, ""(6, 7, 0)"": 0.667}","[""GLD_lr"", ""UUP_lr"", ""USO_lr"", ""VIX_ld"", ""OVX"", ""MOVE_d"", ""T10Y2Y_d"", ""BAA10Y_d"", ""DGS10_d"", ""USEPUINDXD_ld""]",causal_tau_1_0.8_tau_2_0.72_lb_6,rf
14,2018-02-05,2020-02-05,17,False,False,True,1,0.6919,0.8235,"[2, 1, 0, 2, 1, 2, 1, 1, 0, 2, 0, 0, 0, 0, 0, 0, 0, 2, 0, 2, 0]","[2, 2, 0, 0, 2, 1, 1, 1, 0, 2, 1, 0, 0, 0, 0, 0, 0, 2, 0, 2, 0]","{""class_weight"": ""balanced"", ""max_depth"": 10, ""max_features"": ""sqrt"", ""min_samples_leaf"": 8, ""min_samples_split"": 20, ""n_estimators"": 100}",0.6207,{},"[""GLD_lr"", ""UUP_lr"", ""USO_lr"", ""VIX_ld"", ""OVX"", ""MOVE_d"", ""T10Y2Y_d"", ""BAA10Y_d"", ""DGS10_d"", ""USEPUINDXD_ld""]",causal_tau_1_0.8_tau_2_0.72_lb_6,rf
15,2018-03-07,2020-03-06,25,False,True,True,2,0.5097,0.8,"[0, 0, 2, 0, 0, 2, 0, 2, 0, 1, 0, 0, 2, 2, 2, 0, 2, 0, 0, 2, 0]","[0, 0, 2, 0, 0, 2, 0, 0, 0, 0, 0, 0, 2, 2, 0, 0, 0, 0, 0, 2, 2]",null,0.5588,{},"[""BAA10Y_d""]",causal_tau_1_0.8_tau_2_0.72_lb_6,rf
16,2018-04-06,2020-04-06,26,False,False,False,3,0.4105,0.6667,"[2, 1, 2, 2, 0, 2, 0, 2, 2, 0, 0, 2, 1, 2, 2, 0, 2, 0, 0, 1, 2]","[0, 0, 2, 0, 0, 2, 0, 0, 2, 0, 0, 0, 2, 0, 2, 0, 2, 2, 0, 0, 2]",null,0.536,{},"[""GLD_lr"", ""UUP_lr"", ""USO_lr"", ""VIX_ld"", ""OVX"", ""MOVE_d"", ""T10Y2Y_d"", ""BAA10Y_d"", ""DGS10_d"", ""USEPUINDXD_ld""]",causal_tau_1_0.8_tau_2_0.72_lb_6,rf
17,2018-05-07,2020-05-06,30,True,True,False,0,0.3736,0.6316,"[0, 2, 2, 1, 0, 0, 2, 2, 2, 0, 2, 0, 1, 2, 2, 0, 2, 2, 2, 2, 0]","[0, 0, 2, 0, 0, 0, 2, 2, 2, 2, 2, 2, 2, 2, 2, 2, 0, 0, 2, 2, 2]","{""class_weight"": null, ""max_depth"": 5, ""max_features"": ""sqrt"", ""min_samples_leaf"": 1, ""min_samples_split"": 5, ""n_estimators"": 500}",0.5155,"{""(8, 8, 3)"": 0.167, ""(7, 9, 0)"": 0.5, ""(6, 6, 4)"": 0.667, ""(6, 3, 5)"": 0.167, ""(3, 1, 5)"": 0.167, ""(0, 0, 1)"": 0.167, ""(0, 2, 1)"": 0.333, ""(1, 0, 1)"": 0.5, ""(2, 3, 3)"": 0.167, ""(0, 5, 0)"": 0.667, ""(7, 1, 1)"": 0.167, ""(8, 4, 5)"": 0.167, ""(10, 10, 3)"": 0.667, ""(2, 0, 1)"": 0.167, ""(8, 8, 2)"": 0.333, ""(3, 5, 2)"": 0.333, ""(10, 1, 3)"": 0.167, ""(2, 7, 0)"": 0.167, ""(6, 6, 3)"": 0.333, ""(4, 6, 0)"": 0.167, ""(0, 8, 1)"": 0.667, ""(3, 6, 0)"": 0.667, ""(1, 9, 0)"": 0.5, ""(7, 10, 0)"": 0.167, ""(8, 9, 0)"": 0.667, ""(1, 2, 3)"": 0.333, ""(3, 4, 2)"": 0.333, ""(5, 5, 4)"": 0.333, ""(1, 8, 3)"": 0.333, ""(7, 7, 3)"": 0.333, ""(3, 8, 2)"": 0.167, ""(6, 7, 0)"": 0.5}","[""GLD_lr"", ""UUP_lr"", ""USO_lr"", ""VIX_ld"", ""OVX"", ""MOVE_d"", ""T10Y2Y_d"", ""BAA10Y_d"", ""DGS10_d"", ""USEPUINDXD_ld""]",causal_tau_1_0.8_tau_2_0.72_lb_6,rf
18,2018-06-06,2020-06-05,20,False,False,True,1,0.4786,0.75,"[2, 2, 0, 0, 0, 2, 2, 2, 0, 1, 0, 2, 2, 0, 2, 0, 2, 2, 2, 2, 2]","[2, 2, 0, 0, 0, 2, 0, 2, 2, 2, 2, 2, 0, 0, 2, 0, 0, 2, 2, 2, 2]","{""class_weight"": null, ""max_depth"": 5, ""max_features"": ""sqrt"", ""min_samples_leaf"": 1, ""min_samples_split"": 5, ""n_estimators"": 500}",0.531,{},"[""GLD_lr"", ""UUP_lr"", ""USO_lr"", ""VIX_ld"", ""OVX"", ""MOVE_d"", ""T10Y2Y_d"", ""BAA10Y_d"", ""DGS10_d"", ""USEPUINDXD_ld""]",causal_tau_1_0.8_tau_2_0.72_lb_6,rf
19,2018-07-06,2020-07-07,28,False,True,True,2,0.3308,0.5263,"[0, 2, 0, 2, 0, 2, 2, 0, 1, 2, 1, 2, 0, 0, 2, 0, 2, 0, 2, 2, 2]","[0, 2, 0, 2, 0, 2, 2, 2, 2, 0, 2, 2, 2, 2, 2, 0, 0, 2, 0, 0, 0]","{""class_weight"": null, ""max_depth"": 5, ""max_features"": ""sqrt"", ""min_samples_leaf"": 1, ""min_samples_split"": 5, ""n_estimators"": 500}",0.5177,{},"[""GLD_lr"", ""UUP_lr"", ""USO_lr"", ""VIX_ld"", ""OVX"", ""MOVE_d"", ""T10Y2Y_d"", ""BAA10Y_d"", ""DGS10_d"", ""USEPUINDXD_ld""]",causal_tau_1_0.8_tau_2_0.72_lb_6,rf
20,2018-08-06,2020-08-05,36,False,False,False,3,0.3026,0.6667,"[2, 2, 1, 1, 0, 2, 0, 1, 1, 1, 0, 1, 1, 2, 1, 2, 1, 2, 0, 2, 2]","[2, 2, 2, 2, 0, 2, 0, 0, 0, 0, 2, 0, 2, 2, 2, 0, 0, 2, 2, 0, 2]",null,0.5189,{},"[""DGS10_d""]",causal_tau_1_0.8_tau_2_0.72_lb_6,rf
21,2018-09-05,2020-09-03,28,True,True,False,0,0.5,0.7895,"[0, 0, 0, 2, 0, 1, 2, 2, 0, 0, 0, 0, 2, 0, 1, 2, 2, 0, 2, 2, 0]","[0, 0, 0, 2, 0, 2, 2, 2, 2, 2, 0, 0, 2, 0, 2, 0, 2, 2, 2, 2, 0]","{""class_weight"": ""balanced"", ""max_depth"": 3, ""max_features"": ""sqrt"", ""min_samples_leaf"": 4, ""min_samples_split"": 2, ""n_estimators"": 200}",0.56,"{""(0, 7, 4)"": 0.5, ""(6, 6, 4)"": 0.167, ""(3, 1, 5)"": 0.167, ""(0, 0, 1)"": 0.5, ""(2, 3, 3)"": 0.167, ""(0, 2, 4)"": 0.167, ""(7, 1, 1)"": 0.5, ""(0, 5, 0)"": 0.333, ""(8, 4, 5)"": 0.167, ""(2, 0, 1)"": 0.167, ""(3, 5, 2)"": 0.167, ""(10, 1, 3)"": 0.667, ""(7, 6, 3)"": 0.333, ""(6, 6, 3)"": 0.167, ""(4, 6, 0)"": 0.167, ""(8, 8, 1)"": 0.333, ""(8, 7, 3)"": 0.333, ""(8, 9, 0)"": 0.333, ""(8, 10, 1)"": 0.167, ""(5, 5, 4)"": 0.667, ""(7, 7, 3)"": 0.333, ""(8, 8, 3)"": 0.167, ""(0, 7, 3)"": 0.167, ""(10, 10, 3)"": 0.5, ""(1, 2, 1)"": 0.167, ""(3, 8, 0)"": 0.5, ""(5, 6, 0)"": 0.5, ""(4, 4, 2)"": 0.333, ""(1, 3, 1)"": 0.167, ""(1, 2, 3)"": 0.667, ""(3, 4, 2)"": 0.333, ""(3, 8, 2)"": 0.167}","[""GLD_lr"", ""UUP_lr"", ""USO_lr"", ""VIX_ld"", ""OVX"", ""MOVE_d"", ""T10Y2Y_d"", ""BAA10Y_d"", ""DGS10_d"", ""USEPUINDXD_ld""]",causal_tau_1_0.8_tau_2_0.72_lb_6,rf
22,2018-10-04,2020-10-05,24,False,False,True,1,0.2628,0.4706,"[2, 0, 2, 2, 2, 2, 0, 0, 1, 1, 0, 1, 0, 2, 1, 0, 0, 0, 2, 0, 2]","[2, 2, 2, 2, 2, 0, 2, 2, 0, 2, 2, 2, 2, 2, 0, 0, 2, 0, 0, 2, 2]","{""class_weight"": ""balanced"", ""max_depth"": 3, ""max_features"": ""sqrt"", ""min_samples_leaf"": 4, ""min_samples_split"": 2, ""n_estimators"": 200}",0.5764,{},"[""GLD_lr"", ""UUP_lr"", ""USO_lr"", ""VIX_ld"", ""OVX"", ""MOVE_d"", ""T10Y2Y_d"", ""BAA10Y_d"", ""DGS10_d"", ""USEPUINDXD_ld""]",causal_tau_1_0.8_tau_2_0.72_lb_6,rf
23,2018-11-02,2020-11-03,21,False,True,True,2,0.2716,0.6,"[2, 2, 2, 1, 2, 1, 2, 0, 2, 2, 0, 0, 1, 0, 2, 2, 1, 1, 0, 2, 1]","[2, 0, 2, 2, 2, 2, 0, 2, 2, 2, 0, 2, 2, 2, 2, 2, 2, 0, 2, 2, 2]","{""class_weight"": ""balanced"", ""max_depth"": 3, ""max_features"": ""sqrt"", ""min_samples_leaf"": 4, ""min_samples_split"": 2, ""n_estimators"": 200}",0.623,{},"[""GLD_lr"", ""UUP_lr"", ""USO_lr"", ""VIX_ld"", ""OVX"", ""MOVE_d"", ""T10Y2Y_d"", ""BAA10Y_d"", ""DGS10_d"", ""USEPUINDXD_ld""]",causal_tau_1_0.8_tau_2_0.72_lb_6,rf
24,2018-12-04,2020-12-03,22,False,False,False,3,0.2937,0.5833,"[1, 2, 0, 1, 0, 1, 1, 0, 2, 1, 2, 0, 0, 1, 1, 1, 2, 0, 1, 2, 0]","[2, 2, 0, 2, 0, 2, 0, 2, 2, 2, 2, 2, 2, 2, 2, 2, 0, 2, 2, 2, 0]","{""class_weight"": ""balanced"", ""max_depth"": 3, ""max_features"": ""sqrt"", ""min_samples_leaf"": 4, ""min_samples_split"": 2, ""n_estimators"": 200}",0.6463,{},"[""GLD_lr"", ""UUP_lr"", ""USO_lr"", ""VIX_ld"", ""OVX"", ""MOVE_d"", ""T10Y2Y_d"", ""BAA10Y_d"", ""DGS10_d"", ""USEPUINDXD_ld""]",causal_tau_1_0.8_tau_2_0.72_lb_6,rf
25,2019-01-07,2021-01-05,32,True,True,False,0,0.3783,0.2667,"[2, 2, 2, 2, 0, 1, 1, 0, 0, 2, 2, 1, 0, 1, 1, 0, 2, 0, 2, 2, 1]","[1, 0, 2, 0, 1, 1, 2, 2, 0, 0, 2, 1, 2, 2, 1, 2, 2, 1, 0, 0, 1]","{""class_weight"": null, ""max_depth"": 7, ""max_features"": ""sqrt"", ""min_samples_leaf"": 2, ""min_samples_split"": 5, ""n_estimators"": 500}",0.6037,"{""(2, 2, 2)"": 0.167, ""(6, 6, 4)"": 0.167, ""(0, 0, 1)"": 0.333, ""(0, 2, 4)"": 0.333, ""(7, 1, 1)"": 0.167, ""(0, 5, 0)"": 0.333, ""(0, 7, 3)"": 0.5, ""(6, 8, 0)"": 0.333, ""(7, 6, 3)"": 0.5, ""(6, 6, 3)"": 0.167, ""(4, 6, 0)"": 0.5, ""(1, 2, 1)"": 0.333, ""(3, 8, 0)"": 0.667, ""(8, 7, 3)"": 0.167, ""(8, 9, 0)"": 0.5, ""(6, 1, 3)"": 0.167, ""(1, 2, 3)"": 0.167, ""(1, 3, 1)"": 0.167, ""(8, 10, 1)"": 0.167, ""(5, 5, 4)"": 0.167, ""(0, 10, 3)"": 0.167, ""(1, 8, 3)"": 0.333, ""(7, 7, 3)"": 0.167, ""(3, 8, 2)"": 0.333}","[""GLD_lr""]",causal_tau_1_0.8_tau_2_0.72_lb_6,rf
26,2019-02-06,2021-02-04,33,False,False,True,1,0.2254,0.1538,"[2, 1, 2, 1, 1, 1, 1, 1, 1, 0, 0, 0, 1, 2, 0, 0, 2, 0, 0, 0, 2]","[2, 2, 0, 1, 1, 2, 2, 2, 1, 1, 1, 0, 2, 1, 2, 2, 1, 1, 1, 2, 1]",null,0.5926,{},"[""GLD_lr"", ""UUP_lr"", ""USO_lr"", ""VIX_ld"", ""OVX"", ""MOVE_d"", ""T10Y2Y_d"", ""BAA10Y_d"", ""DGS10_d"", ""USEPUINDXD_ld""]",causal_tau_1_0.8_tau_2_0.72_lb_6,rf
27,2019-03-08,2021-03-08,24,False,True,True,2,0.1719,0.0667,"[0, 2, 2, 2, 1, 2, 1, 1, 0, 0, 2, 0, 0, 2, 2, 1, 0, 1, 2, 2, 1]","[1, 1, 1, 1, 1, 1, 2, 1, 2, 1, 1, 2, 1, 0, 1, 0, 0, 1, 0, 1, 2]",null,0.5909,{},"[""GLD_lr"", ""UUP_lr"", ""USO_lr"", ""VIX_ld"", ""OVX"", ""MOVE_d"", ""T10Y2Y_d"", ""BAA10Y_d"", ""DGS10_d"", ""USEPUINDXD_ld""]",causal_tau_1_0.8_tau_2_0.72_lb_6,rf
28,2019-04-08,2021-04-07,22,False,False,False,3,0.4467,0.4545,"[1, 1, 2, 1, 1, 0, 2, 1, 0, 0, 2, 0, 2, 1, 1, 1, 2, 0, 1, 0, 1]","[2, 0, 2, 2, 1, 2, 2, 1, 2, 1, 2, 2, 0, 0, 1, 1, 2, 0, 0, 2, 1]",null,0.5969,{},"[""GLD_lr"", ""UUP_lr"", ""USO_lr"", ""VIX_ld"", ""OVX"", ""MOVE_d"", ""T10Y2Y_d"", ""BAA10Y_d"", ""DGS10_d"", ""USEPUINDXD_ld""]",causal_tau_1_0.8_tau_2_0.72_lb_6,rf
29,2019-05-08,2021-05-06,23,True,True,False,0,0.3096,0.2,"[2, 2, 0, 0, 0, 2, 2, 0, 0, 0, 2, 1, 2, 0, 1, 1, 1, 1, 1, 0, 2]","[1, 2, 1, 1, 0, 1, 1, 1, 1, 2, 0, 2, 2, 1, 2, 1, 1, 1, 1, 2, 1]","{""class_weight"": null, ""max_depth"": 15, ""max_features"": ""sqrt"", ""min_samples_leaf"": 1, ""min_samples_split"": 10, ""n_estimators"": 100}",0.619,"{""(0, 7, 4)"": 0.333, ""(7, 3, 5)"": 0.167, ""(2, 2, 2)"": 0.333, ""(4, 5, 0)"": 0.167, ""(0, 2, 4)"": 0.167, ""(0, 5, 0)"": 0.333, ""(10, 10, 3)"": 0.5, ""(5, 9, 0)"": 0.167, ""(7, 6, 3)"": 0.5, ""(6, 6, 3)"": 0.667, ""(4, 6, 0)"": 0.5, ""(1, 2, 1)"": 0.5, ""(0, 9, 0)"": 0.5, ""(3, 6, 0)"": 0.667, ""(3, 8, 0)"": 0.167, ""(1, 1, 5)"": 0.167, ""(8, 7, 3)"": 0.167, ""(6, 1, 3)"": 0.167, ""(0, 10, 3)"": 0.167, ""(7, 7, 3)"": 0.167, ""(3, 8, 2)"": 0.167, ""(1, 0, 2)"": 0.167}","[""GLD_lr"", ""UUP_lr"", ""USO_lr"", ""VIX_ld"", ""OVX"", ""MOVE_d"", ""T10Y2Y_d"", ""BAA10Y_d"", ""DGS10_d"", ""USEPUINDXD_ld""]",causal_tau_1_0.8_tau_2_0.72_lb_6,rf
30,2019-06-07,2021-06-07,19,False,False,True,1,0.404,0.375,"[1, 1, 1, 1, 1, 1, 0, 0, 1, 0, 2, 1, 1, 2, 1, 1, 1, 1, 2, 2, 0]","[1, 1, 0, 1, 0, 1, 1, 0, 0, 0, 1, 1, 1, 1, 1, 1, 0, 1, 1, 1, 0]","{""class_weight"": null, ""max_depth"": 15, ""max_features"": ""sqrt"", ""min_samples_leaf"": 1, ""min_samples_split"": 10, ""n_estimators"": 100}",0.6071,{},"[""GLD_lr"", ""UUP_lr"", ""USO_lr"", ""VIX_ld"", ""OVX"", ""MOVE_d"", ""T10Y2Y_d"", ""BAA10Y_d"", ""DGS10_d"", ""USEPUINDXD_ld""]",causal_tau_1_0.8_tau_2_0.72_lb_6,rf
31,2019-07-09,2021-07-07,22,False,True,True,2,0.629,0.5714,"[1, 0, 2, 1, 0, 1, 0, 0, 0, 2, 2, 1, 2, 1, 0, 1, 1, 0, 0, 2, 0]","[0, 1, 2, 1, 2, 1, 0, 1, 0, 2, 2, 1, 2, 1, 1, 1, 2, 0, 0, 1, 1]","{""class_weight"": null, ""max_depth"": 15, ""max_features"": ""sqrt"", ""min_samples_leaf"": 1, ""min_samples_split"": 10, ""n_estimators"": 100}",0.681,{},"[""GLD_lr"", ""UUP_lr"", ""USO_lr"", ""VIX_ld"", ""OVX"", ""MOVE_d"", ""T10Y2Y_d"", ""BAA10Y_d"", ""DGS10_d"", ""USEPUINDXD_ld""]",causal_tau_1_0.8_tau_2_0.72_lb_6,rf
32,2019-08-07,2021-08-05,22,False,False,False,3,0.5125,0.7143,"[2, 1, 1, 1, 1, 1, 1, 1, 0, 0, 1, 2, 2, 1, 1, 0, 2, 1, 1, 1, 1]","[2, 2, 0, 2, 1, 1, 0, 1, 1, 2, 0, 2, 2, 2, 2, 0, 2, 1, 1, 1, 1]","{""class_weight"": null, ""max_depth"": 15, ""max_features"": ""sqrt"", ""min_samples_leaf"": 1, ""min_samples_split"": 10, ""n_estimators"": 100}",0.7333,{},"[""GLD_lr"", ""UUP_lr"", ""USO_lr"", ""VIX_ld"", ""OVX"", ""MOVE_d"", ""T10Y2Y_d"", ""BAA10Y_d"", ""DGS10_d"", ""USEPUINDXD_ld""]",causal_tau_1_0.8_tau_2_0.72_lb_6,rf
33,2019-09-06,2021-09-03,23,True,True,False,0,0.2921,0.2,"[1, 0, 1, 0, 0, 1, 0, 2, 0, 0, 0, 1, 2, 2, 1, 0, 0, 1, 0, 2, 0]","[1, 0, 1, 1, 2, 1, 1, 1, 0, 1, 0, 1, 1, 1, 1, 1, 1, 0, 1, 1, 2]","{""class_weight"": null, ""max_depth"": 15, ""max_features"": ""sqrt"", ""min_samples_leaf"": 1, ""min_samples_split"": 10, ""n_estimators"": 50}",0.7278,"{""(0, 7, 4)"": 0.167, ""(9, 6, 3)"": 0.167, ""(4, 5, 0)"": 0.333, ""(10, 10, 3)"": 0.667, ""(8, 8, 2)"": 0.333, ""(10, 1, 3)"": 0.167, ""(7, 6, 3)"": 0.167, ""(1, 2, 1)"": 0.167, ""(0, 9, 0)"": 0.5, ""(0, 2, 0)"": 0.333, ""(5, 6, 0)"": 0.167}","[""GLD_lr"", ""UUP_lr"", ""USO_lr"", ""VIX_ld"", ""OVX"", ""MOVE_d"", ""T10Y2Y_d"", ""BAA10Y_d"", ""DGS10_d"", ""USEPUINDXD_ld""]",causal_tau_1_0.8_tau_2_0.72_lb_6,rf
34,2019-10-07,2021-10-05,25,False,False,True,1,0.5339,0.3636,"[2, 1, 2, 0, 0, 0, 1, 2, 2, 1, 2, 1, 1, 1, 2, 1, 0, 2, 1, 1, 1]","[2, 0, 2, 2, 1, 0, 2, 1, 1, 1, 1, 1, 1, 1, 1, 1, 0, 1, 1, 1, 1]","{""class_weight"": null, ""max_depth"": 15, ""max_features"": ""sqrt"", ""min_samples_leaf"": 1, ""min_samples_split"": 10, ""n_estimators"": 50}",0.7701,{},"[""GLD_lr"", ""UUP_lr"", ""USO_lr"", ""VIX_ld"", ""OVX"", ""MOVE_d"", ""T10Y2Y_d"", ""BAA10Y_d"", ""DGS10_d"", ""USEPUINDXD_ld""]",causal_tau_1_0.8_tau_2_0.72_lb_6,rf
35,2019-11-05,2021-11-03,24,False,True,True,2,0.6389,0.75,"[2, 1, 1, 1, 0, 0, 1, 2, 1, 1, 0, 1, 0, 0, 1, 1, 0, 2, 0, 0, 2]","[2, 0, 0, 1, 1, 0, 0, 1, 1, 1, 1, 2, 0, 0, 1, 0, 0, 2, 0, 0, 2]","{""class_weight"": null, ""max_depth"": 15, ""max_features"": ""sqrt"", ""min_samples_leaf"": 1, ""min_samples_split"": 10, ""n_estimators"": 50}",0.8036,{},"[""GLD_lr"", ""UUP_lr"", ""USO_lr"", ""VIX_ld"", ""OVX"", ""MOVE_d"", ""T10Y2Y_d"", ""BAA10Y_d"", ""DGS10_d"", ""USEPUINDXD_ld""]",causal_tau_1_0.8_tau_2_0.72_lb_6,rf
36,2019-12-05,2021-12-03,18,False,False,False,3,0.4444,0.6667,"[0, 2, 2, 1, 0, 2, 0, 0, 2, 0, 0, 0, 2, 2, 2, 2, 1, 1, 0, 0, 2]","[0, 2, 2, 2, 0, 2, 0, 1, 2, 2, 0, 0, 2, 2, 2, 1, 2, 2, 1, 2, 0]","{""class_weight"": null, ""max_depth"": 15, ""max_features"": ""sqrt"", ""min_samples_leaf"": 1, ""min_samples_split"": 10, ""n_estimators"": 50}",0.7976,{},"[""GLD_lr"", ""UUP_lr"", ""USO_lr"", ""VIX_ld"", ""OVX"", ""MOVE_d"", ""T10Y2Y_d"", ""BAA10Y_d"", ""DGS10_d"", ""USEPUINDXD_ld""]",causal_tau_1_0.8_tau_2_0.72_lb_6,rf
37,2020-01-07,2022-01-04,20,True,True,False,0,0.3267,0.4667,"[1, 0, 1, 0, 1, 2, 1, 0, 1, 0, 0, 0, 0, 1, 0, 0, 0, 2, 2, 2, 2]","[1, 2, 2, 1, 0, 1, 2, 0, 2, 0, 2, 0, 0, 0, 2, 0, 0, 0, 2, 1, 1]","{""class_weight"": null, ""max_depth"": 15, ""max_features"": ""sqrt"", ""min_samples_leaf"": 1, ""min_samples_split"": 10, ""n_estimators"": 150}",0.8148,"{""(0, 7, 4)"": 0.167, ""(9, 6, 3)"": 0.5, ""(4, 5, 0)"": 0.667, ""(1, 3, 3)"": 0.333, ""(10, 10, 3)"": 0.667, ""(8, 8, 2)"": 0.333, ""(0, 8, 1)"": 0.667, ""(6, 6, 2)"": 0.333, ""(4, 4, 2)"": 0.5}","[""GLD_lr"", ""UUP_lr"", ""USO_lr"", ""VIX_ld"", ""OVX"", ""MOVE_d"", ""T10Y2Y_d"", ""BAA10Y_d"", ""DGS10_d"", ""USEPUINDXD_ld""]",causal_tau_1_0.8_tau_2_0.72_lb_6,rf
38,2020-02-06,2022-02-03,31,False,False,True,1,0.3788,0.5789,"[0, 1, 0, 2, 2, 0, 0, 0, 2, 1, 0, 0, 0, 0, 2, 2, 0, 0, 2, 0, 0]","[2, 2, 1, 2, 1, 0, 0, 2, 2, 0, 0, 0, 2, 2, 0, 2, 0, 2, 2, 0, 0]",null,0.6528,{},"[""T10Y2Y_d""]",causal_tau_1_0.8_tau_2_0.72_lb_6,rf
39,2020-03-09,2022-03-07,26,False,True,True,2,0.3084,0.5,"[0, 0, 2, 0, 0, 0, 2, 2, 2, 2, 1, 2, 0, 2, 1, 2, 2, 0, 0, 1, 2]","[0, 2, 2, 0, 2, 0, 0, 2, 2, 0, 2, 0, 2, 0, 2, 0, 2, 2, 0, 2, 2]",null,0.6316,{},"[""T10Y2Y_d""]",causal_tau_1_0.8_tau_2_0.72_lb_6,rf
40,2020-04-07,2022-04-05,19,False,False,False,3,0.3236,0.5625,"[0, 0, 1, 0, 0, 0, 2, 0, 1, 2, 1, 0, 0, 2, 0, 1, 2, 0, 2, 1, 2]","[0, 0, 2, 2, 0, 2, 2, 2, 2, 0, 0, 0, 0, 0, 2, 2, 2, 2, 2, 0, 2]",null,0.5897,{},"[""GLD_lr"", ""UUP_lr"", ""USO_lr"", ""VIX_ld"", ""OVX"", ""MOVE_d"", ""T10Y2Y_d"", ""BAA10Y_d"", ""DGS10_d"", ""USEPUINDXD_ld""]",causal_tau_1_0.8_tau_2_0.72_lb_6,rf
41,2020-05-07,2022-05-05,25,True,True,False,0,0.4569,0.5,"[0, 0, 0, 1, 0, 1, 2, 0, 2, 0, 0, 1, 2, 0, 2, 2, 2, 0, 0, 2, 0]","[2, 1, 2, 1, 0, 2, 2, 0, 0, 0, 0, 0, 2, 2, 2, 2, 0, 2, 0, 0, 2]","{""class_weight"": ""balanced"", ""max_depth"": 5, ""max_features"": ""sqrt"", ""min_samples_leaf"": 1, ""min_samples_split"": 2, ""n_estimators"": 500}",0.5388,"{""(6, 9, 0)"": 0.5, ""(2, 8, 3)"": 0.167, ""(2, 2, 2)"": 0.167, ""(9, 6, 3)"": 0.167, ""(4, 5, 0)"": 0.667, ""(3, 7, 0)"": 0.167, ""(1, 3, 3)"": 0.333, ""(0, 0, 1)"": 0.5, ""(0, 8, 2)"": 0.167, ""(3, 9, 0)"": 0.167, ""(2, 8, 2)"": 0.333, ""(10, 10, 3)"": 0.667, ""(8, 8, 2)"": 0.167, ""(9, 6, 5)"": 0.167, ""(0, 3, 2)"": 0.167, ""(4, 6, 0)"": 0.5, ""(0, 8, 1)"": 0.5, ""(6, 10, 0)"": 0.167, ""(0, 6, 0)"": 0.667, ""(9, 2, 1)"": 0.167, ""(8, 6, 4)"": 0.167, ""(8, 8, 1)"": 0.667, ""(8, 9, 0)"": 0.667, ""(2, 0, 3)"": 0.167, ""(7, 6, 5)"": 0.167, ""(4, 4, 2)"": 0.167, ""(2, 6, 0)"": 0.333, ""(6, 10, 5)"": 0.5, ""(7, 1, 5)"": 0.167}","[""T10Y2Y_d""]",causal_tau_1_0.8_tau_2_0.72_lb_6,rf
42,2020-06-08,2022-06-06,22,False,False,True,1,0.3,0.5333,"[1, 2, 0, 0, 0, 0, 0, 2, 0, 1, 2, 1, 2, 2, 0, 0, 1, 0, 2, 1, 1]","[2, 2, 2, 0, 0, 0, 2, 2, 2, 0, 2, 0, 0, 2, 2, 0, 0, 2, 0, 0, 0]",null,0.5296,{},"[""GLD_lr"", ""UUP_lr"", ""USO_lr"", ""VIX_ld"", ""OVX"", ""MOVE_d"", ""T10Y2Y_d"", ""BAA10Y_d"", ""DGS10_d"", ""USEPUINDXD_ld""]",causal_tau_1_0.8_tau_2_0.72_lb_6,rf
43,2020-07-08,2022-07-07,30,False,True,True,2,0.3421,0.5556,"[2, 1, 0, 0, 0, 0, 2, 0, 2, 2, 2, 0, 1, 0, 2, 2, 2, 0, 0, 2, 1]","[2, 0, 0, 2, 0, 2, 0, 2, 0, 2, 2, 0, 2, 0, 2, 2, 0, 2, 0, 0, 2]",null,0.5,{},"[""UUP_lr"", ""T10Y2Y_d""]",causal_tau_1_0.8_tau_2_0.72_lb_6,rf
44,2020-08-06,2022-08-05,23,False,False,False,3,0.1846,0.3846,"[1, 1, 0, 2, 1, 2, 1, 1, 0, 1, 0, 0, 0, 1, 2, 0, 0, 0, 0, 1, 0]","[0, 0, 0, 2, 2, 0, 0, 0, 2, 2, 2, 0, 2, 0, 1, 0, 2, 0, 2, 2, 2]",null,0.562,{},"[""GLD_lr"", ""UUP_lr"", ""USO_lr"", ""VIX_ld"", ""OVX"", ""MOVE_d"", ""T10Y2Y_d"", ""BAA10Y_d"", ""DGS10_d"", ""USEPUINDXD_ld""]",causal_tau_1_0.8_tau_2_0.72_lb_6,rf
45,2020-09-04,2022-09-06,20,True,True,False,0,0.1429,0.2105,"[0, 2, 2, 2, 2, 0, 1, 0, 0, 2, 0, 0, 0, 0, 0, 1, 2, 0, 0, 2, 2]","[2, 1, 1, 0, 2, 0, 0, 1, 2, 0, 2, 0, 2, 0, 2, 0, 0, 1, 1, 0, 0]","{""class_weight"": ""balanced"", ""max_depth"": 3, ""max_features"": ""sqrt"", ""min_samples_leaf"": 8, ""min_samples_split"": 2, ""n_estimators"": 100}",0.6261,"{""(2, 8, 3)"": 0.167, ""(3, 7, 0)"": 0.667, ""(1, 10, 0)"": 0.167, ""(5, 5, 3)"": 0.167, ""(1, 3, 0)"": 0.167, ""(0, 2, 1)"": 0.667, ""(0, 5, 0)"": 0.167, ""(6, 8, 3)"": 0.167, ""(2, 8, 5)"": 0.333, ""(0, 8, 1)"": 0.667, ""(6, 10, 0)"": 0.333, ""(7, 5, 1)"": 0.333, ""(0, 6, 0)"": 0.5, ""(5, 3, 1)"": 0.167, ""(4, 4, 2)"": 0.167, ""(0, 8, 0)"": 0.333, ""(6, 10, 5)"": 0.333, ""(1, 9, 2)"": 0.333, ""(3, 0, 4)"": 0.333}","[""T10Y2Y_d""]",causal_tau_1_0.8_tau_2_0.72_lb_6,rf
46,2020-10-06,2022-10-05,20,False,False,True,1,0.2832,0.35,"[1, 0, 0, 0, 0, 0, 2, 0, 2, 2, 0, 0, 2, 2, 2, 0, 0, 2, 0, 0, 0]","[2, 1, 1, 2, 1, 1, 0, 2, 0, 1, 1, 2, 2, 2, 2, 0, 1, 1, 0, 0, 0]","{""class_weight"": ""balanced"", ""max_depth"": 3, ""max_features"": ""sqrt"", ""min_samples_leaf"": 8, ""min_samples_split"": 2, ""n_estimators"": 100}",0.6306,{},"[""T10Y2Y_d""]",causal_tau_1_0.8_tau_2_0.72_lb_6,rf
47,2020-11-04,2022-11-03,21,False,True,True,2,0.3417,0.2941,"[0, 2, 2, 2, 0, 2, 2, 0, 2, 0, 0, 2, 0, 2, 2, 1, 0, 1, 2, 1, 1]","[0, 2, 1, 0, 2, 0, 1, 1, 1, 0, 2, 0, 2, 0, 0, 1, 0, 2, 2, 0, 1]","{""class_weight"": ""balanced"", ""max_depth"": 3, ""max_features"": ""sqrt"", ""min_samples_leaf"": 8, ""min_samples_split"": 2, ""n_estimators"": 100}",0.6126,{},"[""T10Y2Y_d""]",causal_tau_1_0.8_tau_2_0.72_lb_6,rf
48,2020-12-04,2022-12-05,18,False,False,False,3,0.3764,0.4444,"[0, 0, 1, 2, 0, 2, 2, 0, 0, 0, 0, 1, 2, 0, 2, 0, 0, 2, 1, 0, 2]","[0, 0, 1, 1, 2, 0, 2, 0, 1, 2, 1, 2, 2, 0, 1, 2, 0, 0, 0, 0, 0]","{""class_weight"": ""balanced"", ""max_depth"": 3, ""max_features"": ""sqrt"", ""min_samples_leaf"": 8, ""min_samples_split"": 2, ""n_estimators"": 100}",0.5946,{},"[""T10Y2Y_d""]",causal_tau_1_0.8_tau_2_0.72_lb_6,rf
49,2021-01-06,2023-01-05,17,True,True,False,0,0.4664,0.5,"[0, 2, 1, 2, 2, 1, 1, 1, 0, 0, 2, 2, 1, 1, 2, 1, 0, 2, 2, 2, 0]","[0, 2, 2, 1, 2, 2, 2, 1, 2, 1, 2, 1, 1, 1, 0, 2, 1, 2, 2, 0, 0]","{""class_weight"": ""balanced"", ""max_depth"": null, ""max_features"": ""sqrt"", ""min_samples_leaf"": 1, ""min_samples_split"": 5, ""n_estimators"": 200}",0.6611,"{""(0, 3, 0)"": 0.5, ""(3, 7, 0)"": 0.167, ""(4, 5, 0)"": 0.5, ""(5, 5, 3)"": 0.167, ""(0, 2, 1)"": 0.5, ""(0, 5, 0)"": 0.167, ""(10, 10, 3)"": 0.167, ""(6, 6, 3)"": 0.333, ""(0, 3, 2)"": 0.5, ""(4, 6, 0)"": 0.5, ""(6, 10, 0)"": 0.667, ""(7, 5, 1)"": 0.167, ""(0, 6, 0)"": 0.667, ""(1, 9, 2)"": 0.167, ""(3, 0, 4)"": 0.167}","[""GLD_lr"", ""UUP_lr"", ""USO_lr"", ""VIX_ld"", ""OVX"", ""MOVE_d"", ""T10Y2Y_d"", ""BAA10Y_d"", ""DGS10_d"", ""USEPUINDXD_ld""]",causal_tau_1_0.8_tau_2_0.72_lb_6,rf
50,2021-02-05,2023-02-06,15,False,False,True,1,0.3833,0.3571,"[0, 2, 0, 0, 1, 2, 1, 1, 0, 1, 0, 1, 2, 0, 1, 0, 0, 2, 2, 1, 0]","[1, 2, 2, 1, 1, 0, 1, 0, 1, 0, 0, 0, 1, 0, 2, 1, 2, 1, 2, 1, 0]","{""class_weight"": ""balanced"", ""max_depth"": null, ""max_features"": ""sqrt"", ""min_samples_leaf"": 1, ""min_samples_split"": 5, ""n_estimators"": 200}",0.7708,{},"[""GLD_lr"", ""UUP_lr"", ""USO_lr"", ""VIX_ld"", ""OVX"", ""MOVE_d"", ""T10Y2Y_d"", ""BAA10Y_d"", ""DGS10_d"", ""USEPUINDXD_ld""]",causal_tau_1_0.8_tau_2_0.72_lb_6,rf
51,2021-03-09,2023-03-08,29,False,True,True,2,0.3177,0.5,"[1, 0, 0, 1, 2, 0, 2, 0, 2, 2, 0, 1, 2, 1, 1, 2, 2, 2, 1, 0, 1]","[0, 1, 2, 2, 2, 0, 2, 2, 2, 2, 2, 0, 0, 2, 2, 2, 2, 0, 2, 1, 1]",null,0.5882,{},"[""T10Y2Y_d""]",causal_tau_1_0.8_tau_2_0.72_lb_6,rf
52,2021-04-08,2023-04-06,18,False,False,False,3,0.3048,0.0909,"[1, 1, 1, 0, 2, 1, 1, 1, 1, 0, 1, 1, 0, 0, 2, 2, 1, 0, 0, 0, 2]","[1, 1, 2, 2, 1, 1, 1, 1, 1, 1, 1, 1, 1, 2, 1, 1, 1, 1, 2, 1, 2]",null,0.596,{},"[""GLD_lr"", ""UUP_lr"", ""USO_lr"", ""VIX_ld"", ""OVX"", ""MOVE_d"", ""T10Y2Y_d"", ""BAA10Y_d"", ""DGS10_d"", ""USEPUINDXD_ld""]",causal_tau_1_0.8_tau_2_0.72_lb_6,rf
53,2021-05-07,2023-05-08,31,True,True,False,0,0.2642,0.0833,"[1, 0, 2, 1, 1, 1, 0, 2, 2, 1, 1, 0, 0, 2, 2, 1, 0, 2, 2, 1, 1]","[1, 1, 1, 1, 1, 1, 1, 2, 1, 1, 1, 1, 1, 1, 1, 1, 2, 1, 1, 2, 1]","{""class_weight"": null, ""max_depth"": 15, ""max_features"": ""sqrt"", ""min_samples_leaf"": 1, ""min_samples_split"": 2, ""n_estimators"": 200}",0.5614,"{""(6, 9, 0)"": 0.667, ""(3, 5, 0)"": 0.667, ""(0, 3, 0)"": 0.5, ""(3, 7, 0)"": 0.167, ""(4, 5, 0)"": 0.667, ""(9, 8, 3)"": 0.333, ""(1, 3, 0)"": 0.5, ""(5, 5, 3)"": 0.333, ""(0, 2, 1)"": 0.167, ""(2, 8, 5)"": 0.5, ""(7, 8, 0)"": 0.5, ""(10, 9, 1)"": 0.167, ""(0, 8, 1)"": 0.5, ""(6, 10, 0)"": 0.5, ""(1, 3, 2)"": 0.333, ""(1, 9, 0)"": 0.167, ""(0, 6, 0)"": 0.5, ""(9, 2, 1)"": 0.167, ""(10, 10, 5)"": 0.167, ""(10, 10, 2)"": 0.167, ""(3, 10, 3)"": 0.167, ""(7, 0, 1)"": 0.167, ""(4, 5, 1)"": 0.333, ""(1, 3, 1)"": 0.167, ""(6, 10, 5)"": 0.333}","[""VIX_ld"", ""T10Y2Y_d""]",causal_tau_1_0.8_tau_2_0.72_lb_6,rf
54,2021-06-08,2023-06-07,28,False,False,True,1,0.2118,0.1818,"[1, 2, 1, 2, 2, 1, 2, 1, 0, 0, 1, 0, 0, 2, 1, 1, 2, 1, 1, 0, 1]","[2, 1, 1, 2, 2, 1, 1, 2, 2, 1, 2, 2, 2, 1, 2, 1, 1, 1, 2, 1, 2]","{""class_weight"": null, ""max_depth"": 15, ""max_features"": ""sqrt"", ""min_samples_leaf"": 1, ""min_samples_split"": 2, ""n_estimators"": 200}",0.5897,{},"[""VIX_ld"", ""T10Y2Y_d""]",causal_tau_1_0.8_tau_2_0.72_lb_6,rf
55,2021-07-08,2023-07-10,25,False,True,True,2,0.3509,0.4545,"[1, 2, 2, 2, 1, 1, 2, 1, 0, 1, 2, 1, 1, 0, 2, 1, 1, 0, 1, 0, 2]","[2, 1, 2, 2, 1, 1, 2, 1, 2, 2, 2, 1, 1, 2, 2, 2, 2, 1, 2, 1, 1]","{""class_weight"": null, ""max_depth"": 15, ""max_features"": ""sqrt"", ""min_samples_leaf"": 1, ""min_samples_split"": 2, ""n_estimators"": 200}",0.6083,{},"[""VIX_ld"", ""T10Y2Y_d""]",causal_tau_1_0.8_tau_2_0.72_lb_6,rf
56,2021-08-06,2023-08-08,15,False,False,False,3,0.3137,0.2667,"[0, 0, 1, 1, 2, 0, 0, 0, 1, 2, 1, 2, 0, 2, 2, 2, 2, 1, 1, 0, 0]","[1, 2, 1, 2, 1, 1, 1, 2, 1, 1, 1, 2, 2, 1, 2, 2, 2, 2, 1, 2, 1]",null,0.5935,{},"[""GLD_lr"", ""UUP_lr"", ""USO_lr"", ""VIX_ld"", ""OVX"", ""MOVE_d"", ""T10Y2Y_d"", ""BAA10Y_d"", ""DGS10_d"", ""USEPUINDXD_ld""]",causal_tau_1_0.8_tau_2_0.72_lb_6,rf
57,2021-09-07,2023-09-07,16,True,True,False,0,0.2889,0.0909,"[1, 1, 2, 0, 1, 2, 0, 1, 1, 0, 0, 1, 2, 0, 1, 2, 1, 1, 0, 2, 1]","[1, 1, 1, 1, 1, 1, 1, 1, 1, 1, 1, 1, 0, 1, 1, 1, 1, 0, 0, 0, 1]","{""class_weight"": ""balanced"", ""max_depth"": 10, ""max_features"": ""sqrt"", ""min_samples_leaf"": 1, ""min_samples_split"": 5, ""n_estimators"": 100}",0.5991,"{""(3, 5, 0)"": 0.333, ""(7, 9, 0)"": 0.5, ""(4, 5, 0)"": 0.333, ""(9, 8, 3)"": 0.333, ""(5, 5, 3)"": 0.167, ""(2, 8, 5)"": 0.5, ""(6, 6, 3)"": 0.667, ""(10, 9, 1)"": 0.333, ""(1, 3, 2)"": 0.333, ""(6, 10, 0)"": 0.5, ""(1, 9, 0)"": 0.333, ""(0, 6, 0)"": 0.667, ""(9, 2, 1)"": 0.333, ""(5, 6, 0)"": 0.167, ""(10, 10, 5)"": 0.333, ""(10, 10, 2)"": 0.5, ""(3, 10, 3)"": 0.5, ""(7, 0, 1)"": 0.5, ""(2, 6, 0)"": 0.667, ""(4, 5, 1)"": 0.167, ""(9, 0, 3)"": 0.167, ""(6, 10, 5)"": 0.333, ""(7, 7, 3)"": 0.167, ""(6, 7, 0)"": 0.333}","[""GLD_lr"", ""UUP_lr"", ""USO_lr"", ""VIX_ld"", ""OVX"", ""MOVE_d"", ""T10Y2Y_d"", ""BAA10Y_d"", ""DGS10_d"", ""USEPUINDXD_ld""]",causal_tau_1_0.8_tau_2_0.72_lb_6,rf
58,2021-10-06,2023-10-06,16,False,False,True,1,0.3206,0.3333,"[2, 2, 2, 1, 0, 0, 2, 1, 0, 0, 0, 1, 2, 0, 0, 0, 2, 2, 2, 2, 2]","[1, 2, 1, 2, 1, 1, 2, 1, 1, 1, 0, 2, 1, 0, 2, 2, 2, 1, 0, 2, 1]","{""class_weight"": ""balanced"", ""max_depth"": 10, ""max_features"": ""sqrt"", ""min_samples_leaf"": 1, ""min_samples_split"": 5, ""n_estimators"": 100}",0.5901,{},"[""GLD_lr"", ""UUP_lr"", ""USO_lr"", ""VIX_ld"", ""OVX"", ""MOVE_d"", ""T10Y2Y_d"", ""BAA10Y_d"", ""DGS10_d"", ""USEPUINDXD_ld""]",causal_tau_1_0.8_tau_2_0.72_lb_6,rf
59,2021-11-04,2023-11-06,15,False,True,True,2,0.4893,0.6667,"[1, 1, 1, 0, 2, 1, 2, 1, 1, 1, 2, 1, 1, 1, 1, 1, 1, 1, 2, 0, 1]","[1, 1, 0, 1, 2, 1, 2, 1, 2, 2, 2, 1, 1, 2, 1, 1, 1, 1, 2, 1, 0]","{""class_weight"": ""balanced"", ""max_depth"": 10, ""max_features"": ""sqrt"", ""min_samples_leaf"": 1, ""min_samples_split"": 5, ""n_estimators"": 100}",0.5044,{},"[""GLD_lr"", ""UUP_lr"", ""USO_lr"", ""VIX_ld"", ""OVX"", ""MOVE_d"", ""T10Y2Y_d"", ""BAA10Y_d"", ""DGS10_d"", ""USEPUINDXD_ld""]",causal_tau_1_0.8_tau_2_0.72_lb_6,rf
60,2021-12-06,2023-12-06,16,False,False,False,3,0.4826,0.2727,"[1, 2, 2, 1, 2, 2, 1, 1, 2, 2, 0, 2, 1, 2, 1, 1, 1, 0, 0, 1, 1]","[1, 1, 2, 1, 1, 2, 2, 1, 1, 1, 0, 1, 1, 1, 2, 1, 1, 1, 2, 1, 1]","{""class_weight"": ""balanced"", ""max_depth"": 10, ""max_features"": ""sqrt"", ""min_samples_leaf"": 1, ""min_samples_split"": 5, ""n_estimators"": 100}",0.5722,{},"[""GLD_lr"", ""UUP_lr"", ""USO_lr"", ""VIX_ld"", ""OVX"", ""MOVE_d"", ""T10Y2Y_d"", ""BAA10Y_d"", ""DGS10_d"", ""USEPUINDXD_ld""]",causal_tau_1_0.8_tau_2_0.72_lb_6,rf
61,2022-01-05,2024-01-08,15,True,True,False,0,0.2511,0.1,"[2, 1, 2, 1, 1, 1, 0, 2, 2, 1, 1, 1, 2, 1, 2, 1, 0, 2, 2, 1, 1]","[1, 1, 1, 1, 1, 0, 1, 1, 1, 1, 1, 2, 1, 1, 1, 1, 1, 2, 1, 1, 2]","{""class_weight"": ""balanced"", ""max_depth"": 10, ""max_features"": ""sqrt"", ""min_samples_leaf"": 1, ""min_samples_split"": 5, ""n_estimators"": 200}",0.7381,"{""(3, 5, 0)"": 0.5, ""(0, 3, 0)"": 0.5, ""(5, 6, 0)"": 0.333, ""(1, 3, 0)"": 0.167, ""(6, 6, 2)"": 0.5, ""(6, 6, 5)"": 0.333, ""(2, 8, 2)"": 0.5, ""(0, 5, 0)"": 0.5, ""(6, 6, 3)"": 0.333}","[""GLD_lr"", ""UUP_lr"", ""USO_lr"", ""VIX_ld"", ""OVX"", ""MOVE_d"", ""T10Y2Y_d"", ""BAA10Y_d"", ""DGS10_d"", ""USEPUINDXD_ld""]",causal_tau_1_0.8_tau_2_0.72_lb_6,rf
62,2022-02-04,2024-02-07,23,False,False,True,1,0.453,0.3333,"[2, 1, 2, 1, 0, 2, 2, 0, 0, 1, 2, 1, 1, 1, 1, 1, 2, 1, 0, 2, 2]","[1, 1, 1, 1, 1, 1, 2, 1, 1, 1, 1, 1, 1, 1, 1, 1, 2, 1, 1, 2, 2]","{""class_weight"": ""balanced"", ""max_depth"": 10, ""max_features"": ""sqrt"", ""min_samples_leaf"": 1, ""min_samples_split"": 5, ""n_estimators"": 200}",0.6474,{},"[""GLD_lr"", ""UUP_lr"", ""USO_lr"", ""VIX_ld"", ""OVX"", ""MOVE_d"", ""T10Y2Y_d"", ""BAA10Y_d"", ""DGS10_d"", ""USEPUINDXD_ld""]",causal_tau_1_0.8_tau_2_0.72_lb_6,rf
63,2022-03-08,2024-03-08,15,False,True,True,2,0.4217,0.2,"[0, 1, 2, 1, 1, 0, 2, 2, 2, 1, 1, 1, 1, 2, 1, 1, 0, 1, 0, 2, 1]","[1, 1, 1, 2, 1, 1, 1, 1, 2, 1, 1, 2, 1, 1, 1, 1, 1, 1, 0, 1, 1]","{""class_weight"": ""balanced"", ""max_depth"": 10, ""max_features"": ""sqrt"", ""min_samples_leaf"": 1, ""min_samples_split"": 5, ""n_estimators"": 200}",0.641,{},"[""GLD_lr"", ""UUP_lr"", ""USO_lr"", ""VIX_ld"", ""OVX"", ""MOVE_d"", ""T10Y2Y_d"", ""BAA10Y_d"", ""DGS10_d"", ""USEPUINDXD_ld""]",causal_tau_1_0.8_tau_2_0.72_lb_6,rf
64,2022-04-06,2024-04-09,16,False,False,False,3,0.6111,0.4615,"[1, 0, 2, 0, 0, 1, 0, 1, 0, 2, 2, 1, 1, 2, 1, 0, 1, 2, 2, 2, 1]","[1, 0, 1, 0, 0, 1, 2, 1, 1, 1, 2, 1, 2, 1, 1, 1, 1, 2, 2, 1, 1]","{""class_weight"": ""balanced"", ""max_depth"": 10, ""max_features"": ""sqrt"", ""min_samples_leaf"": 1, ""min_samples_split"": 5, ""n_estimators"": 200}",0.6173,{},"[""GLD_lr"", ""UUP_lr"", ""USO_lr"", ""VIX_ld"", ""OVX"", ""MOVE_d"", ""T10Y2Y_d"", ""BAA10Y_d"", ""DGS10_d"", ""USEPUINDXD_ld""]",causal_tau_1_0.8_tau_2_0.72_lb_6,rf
65,2022-05-06,2024-05-08,14,True,True,False,0,0.5897,0.4444,"[1, 2, 1, 1, 2, 2, 1, 1, 1, 1, 1, 0, 2, 1, 0, 0, 2, 1, 1, 2, 1]","[1, 2, 1, 1, 1, 2, 1, 2, 1, 1, 1, 1, 2, 1, 0, 2, 1, 2, 1, 1, 1]","{""class_weight"": ""balanced"", ""max_depth"": 10, ""max_features"": ""sqrt"", ""min_samples_leaf"": 1, ""min_samples_split"": 5, ""n_estimators"": 100}",0.6111,"{""(3, 5, 0)"": 0.5, ""(4, 5, 0)"": 0.333, ""(1, 3, 0)"": 0.167, ""(9, 2, 2)"": 0.167, ""(0, 5, 0)"": 0.5, ""(2, 8, 2)"": 0.167, ""(6, 3, 1)"": 0.167, ""(6, 6, 3)"": 0.333, ""(10, 9, 1)"": 0.167, ""(0, 6, 0)"": 0.167, ""(6, 7, 1)"": 0.167, ""(5, 6, 0)"": 0.5, ""(6, 6, 2)"": 0.333, ""(3, 3, 3)"": 0.167}","[""GLD_lr"", ""UUP_lr"", ""USO_lr"", ""VIX_ld"", ""OVX"", ""MOVE_d"", ""T10Y2Y_d"", ""BAA10Y_d"", ""DGS10_d"", ""USEPUINDXD_ld""]",causal_tau_1_0.8_tau_2_0.72_lb_6,rf
66,2022-06-07,2024-06-07,18,False,False,True,1,0.5183,0.5714,"[1, 1, 1, 2, 1, 1, 2, 1, 1, 1, 0, 1, 1, 1, 0, 1, 2, 2, 2, 1, 1]","[2, 1, 1, 2, 1, 1, 2, 1, 1, 1, 1, 1, 1, 2, 1, 1, 1, 2, 2, 1, 1]","{""class_weight"": ""balanced"", ""max_depth"": 10, ""max_features"": ""sqrt"", ""min_samples_leaf"": 1, ""min_samples_split"": 5, ""n_estimators"": 100}",0.6012,{},"[""GLD_lr"", ""UUP_lr"", ""USO_lr"", ""VIX_ld"", ""OVX"", ""MOVE_d"", ""T10Y2Y_d"", ""BAA10Y_d"", ""DGS10_d"", ""USEPUINDXD_ld""]",causal_tau_1_0.8_tau_2_0.72_lb_6,rf
67,2022-07-08,2024-07-10,24,False,True,True,2,0.5444,0.5,"[2, 0, 2, 1, 2, 0, 0, 0, 2, 1, 0, 0, 2, 1, 0, 2, 0, 0, 0, 2, 0]","[1, 2, 2, 1, 1, 2, 0, 0, 1, 1, 0, 0, 0, 1, 1, 2, 0, 0, 0, 0, 2]",null,0.5392,{},"[""VIX_ld""]",causal_tau_1_0.8_tau_2_0.72_lb_6,rf
68,2022-08-08,2024-08-08,24,False,False,False,3,0.5041,0.6364,"[2, 2, 1, 2, 1, 2, 1, 2, 1, 1, 0, 2, 1, 1, 0, 1, 2, 0, 1, 1, 0]","[0, 2, 0, 2, 2, 1, 2, 2, 2, 2, 0, 2, 2, 1, 1, 1, 1, 0, 1, 2, 0]",null,0.5968,{},"[""GLD_lr"", ""UUP_lr"", ""USO_lr"", ""VIX_ld"", ""OVX"", ""MOVE_d"", ""T10Y2Y_d"", ""BAA10Y_d"", ""DGS10_d"", ""USEPUINDXD_ld""]",causal_tau_1_0.8_tau_2_0.72_lb_6,rf
69,2022-09-07,2024-09-09,22,True,True,False,0,0.4627,0.4167,"[2, 2, 2, 2, 2, 1, 1, 0, 2, 1, 1, 1, 1, 2, 1, 2, 0, 1, 1, 2, 0]","[0, 0, 1, 2, 1, 2, 1, 1, 2, 1, 1, 2, 1, 2, 1, 0, 0, 0, 2, 0, 0]","{""class_weight"": null, ""max_depth"": 7, ""max_features"": ""sqrt"", ""min_samples_leaf"": 8, ""min_samples_split"": 20, ""n_estimators"": 200}",0.6146,"{""(7, 9, 0)"": 0.167, ""(0, 3, 0)"": 0.5, ""(4, 5, 0)"": 0.667, ""(8, 0, 4)"": 0.167, ""(1, 7, 0)"": 0.167, ""(10, 7, 1)"": 0.167, ""(6, 6, 3)"": 0.667, ""(8, 2, 1)"": 0.167, ""(2, 9, 0)"": 0.667, ""(0, 6, 0)"": 0.333, ""(3, 0, 5)"": 0.167, ""(8, 0, 3)"": 0.167, ""(10, 2, 4)"": 0.167, ""(3, 10, 3)"": 0.167, ""(6, 6, 2)"": 0.5, ""(2, 6, 0)"": 0.333, ""(3, 3, 3)"": 0.333, ""(6, 7, 0)"": 0.667}","[""GLD_lr"", ""UUP_lr"", ""USO_lr"", ""VIX_ld"", ""OVX"", ""MOVE_d"", ""T10Y2Y_d"", ""BAA10Y_d"", ""DGS10_d"", ""USEPUINDXD_ld""]",causal_tau_1_0.8_tau_2_0.72_lb_6,rf
70,2022-10-06,2024-10-08,19,False,False,True,1,0.1587,0.3636,"[2, 2, 1, 2, 2, 0, 2, 1, 1, 1, 1, 0, 1, 1, 1, 1, 0, 0, 2, 1, 2]","[0, 0, 2, 0, 0, 0, 0, 0, 2, 0, 2, 0, 2, 0, 0, 0, 2, 0, 0, 2, 2]","{""class_weight"": null, ""max_depth"": 7, ""max_features"": ""sqrt"", ""min_samples_leaf"": 8, ""min_samples_split"": 20, ""n_estimators"": 200}",0.6111,{},"[""GLD_lr"", ""UUP_lr"", ""USO_lr"", ""VIX_ld"", ""OVX"", ""MOVE_d"", ""T10Y2Y_d"", ""BAA10Y_d"", ""DGS10_d"", ""USEPUINDXD_ld""]",causal_tau_1_0.8_tau_2_0.72_lb_6,rf
71,2022-11-04,2024-11-06,19,False,True,True,2,0.3981,0.4167,"[2, 2, 2, 1, 0, 1, 0, 0, 2, 1, 1, 2, 1, 1, 2, 0, 2, 1, 1, 2, 1]","[0, 2, 1, 0, 1, 0, 1, 0, 2, 1, 1, 2, 2, 2, 1, 2, 2, 1, 1, 1, 2]","{""class_weight"": null, ""max_depth"": 7, ""max_features"": ""sqrt"", ""min_samples_leaf"": 8, ""min_samples_split"": 20, ""n_estimators"": 200}",0.6176,{},"[""GLD_lr"", ""UUP_lr"", ""USO_lr"", ""VIX_ld"", ""OVX"", ""MOVE_d"", ""T10Y2Y_d"", ""BAA10Y_d"", ""DGS10_d"", ""USEPUINDXD_ld""]",causal_tau_1_0.8_tau_2_0.72_lb_6,rf
72,2022-12-06,2024-12-06,17,False,False,False,3,0.4653,0.5,"[1, 0, 0, 2, 0, 1, 2, 0, 0, 1, 2, 2, 2, 1, 0, 0, 0, 1, 2, 2, 0]","[1, 1, 1, 1, 0, 1, 1, 1, 0, 0, 2, 0, 1, 2, 2, 0, 0, 0, 2, 2, 0]","{""class_weight"": null, ""max_depth"": 7, ""max_features"": ""sqrt"", ""min_samples_leaf"": 8, ""min_samples_split"": 20, ""n_estimators"": 200}",0.6127,{},"[""GLD_lr"", ""UUP_lr"", ""USO_lr"", ""VIX_ld"", ""OVX"", ""MOVE_d"", ""T10Y2Y_d"", ""BAA10Y_d"", ""DGS10_d"", ""USEPUINDXD_ld""]",causal_tau_1_0.8_tau_2_0.72_lb_6,rf
73,2023-01-06,2025-01-08,18,True,True,False,0,0.3926,0.4706,"[1, 0, 1, 1, 2, 0, 2, 2, 2, 2, 0, 0, 2, 0, 2, 0, 0, 2, 2, 1, 0]","[0, 2, 0, 2, 2, 0, 0, 2, 0, 1, 2, 0, 0, 1, 1, 0, 0, 2, 1, 1, 0]","{""class_weight"": null, ""max_depth"": 7, ""max_features"": ""sqrt"", ""min_samples_leaf"": 8, ""min_samples_split"": 20, ""n_estimators"": 300}",0.6398,"{""(3, 5, 0)"": 0.667, ""(7, 9, 0)"": 0.167, ""(2, 2, 2)"": 0.167, ""(0, 3, 0)"": 0.333, ""(1, 3, 0)"": 0.167, ""(0, 5, 0)"": 0.667, ""(1, 7, 0)"": 0.167, ""(6, 6, 3)"": 0.5, ""(0, 8, 1)"": 0.667, ""(8, 2, 1)"": 0.167, ""(3, 0, 5)"": 0.167, ""(8, 0, 3)"": 0.167, ""(10, 2, 4)"": 0.167, ""(6, 6, 2)"": 0.5, ""(2, 6, 0)"": 0.167, ""(3, 3, 3)"": 0.167}","[""GLD_lr"", ""UUP_lr"", ""USO_lr"", ""VIX_ld"", ""OVX"", ""MOVE_d"", ""T10Y2Y_d"", ""BAA10Y_d"", ""DGS10_d"", ""USEPUINDXD_ld""]",causal_tau_1_0.8_tau_2_0.72_lb_6,rf
74,2023-02-07,2025-02-10,27,False,False,True,1,0.4218,0.75,"[2, 1, 0, 2, 1, 1, 1, 0, 0, 0, 0, 1, 0, 2, 0, 0, 2, 0, 2, 0, 0]","[2, 2, 1, 2, 2, 0, 0, 2, 0, 0, 0, 0, 0, 0, 0, 0, 2, 0, 0, 0, 0]",null,0.581,{},"[""GLD_lr""]",causal_tau_1_0.8_tau_2_0.72_lb_6,rf
75,2023-03-09,2025-03-12,21,False,True,True,2,0.359,0.6111,"[2, 0, 2, 2, 0, 2, 0, 1, 2, 1, 0, 0, 0, 2, 1, 2, 0, 0, 0, 0, 2]","[2, 0, 2, 2, 2, 0, 0, 0, 0, 0, 0, 2, 0, 0, 0, 0, 0, 0, 0, 0, 0]",null,0.6302,{},"[""GLD_lr"", ""UUP_lr"", ""USO_lr"", ""VIX_ld"", ""OVX"", ""MOVE_d"", ""T10Y2Y_d"", ""BAA10Y_d"", ""DGS10_d"", ""USEPUINDXD_ld""]",causal_tau_1_0.8_tau_2_0.72_lb_6,rf
76,2023-04-10,2025-04-10,28,False,False,False,3,0.4091,0.7059,"[0, 2, 2, 0, 0, 1, 0, 2, 2, 2, 2, 1, 2, 1, 2, 2, 0, 0, 2, 2, 1]","[0, 0, 2, 2, 2, 2, 0, 2, 2, 2, 2, 0, 0, 0, 2, 2, 0, 0, 2, 0, 0]",null,0.5702,{},"[""GLD_lr""]",causal_tau_1_0.8_tau_2_0.72_lb_6,rf
77,2023-05-09,2025-05-12,16,True,True,False,0,0.4209,0.5,"[2, 2, 1, 2, 2, 1, 0, 0, 1, 0, 2, 0, 1, 1, 2, 2, 1, 0, 2, 1, 2]","[2, 2, 0, 1, 0, 0, 2, 0, 2, 0, 2, 2, 1, 0, 0, 0, 2, 0, 2, 1, 1]","{""class_weight"": ""balanced"", ""max_depth"": 10, ""max_features"": ""sqrt"", ""min_samples_leaf"": 1, ""min_samples_split"": 2, ""n_estimators"": 100}",0.5721,"{""(0, 7, 1)"": 0.167, ""(9, 1, 1)"": 0.167, ""(0, 1, 0)"": 0.167, ""(3, 5, 0)"": 0.667, ""(7, 9, 0)"": 0.333, ""(0, 10, 2)"": 0.333, ""(3, 9, 0)"": 0.333, ""(10, 7, 1)"": 0.167, ""(10, 8, 2)"": 0.167, ""(6, 6, 3)"": 0.167, ""(4, 6, 0)"": 0.667, ""(0, 8, 1)"": 0.167, ""(5, 5, 2)"": 0.5, ""(9, 7, 3)"": 0.167, ""(6, 7, 1)"": 0.167, ""(5, 6, 0)"": 0.333, ""(10, 2, 4)"": 0.5, ""(6, 6, 2)"": 0.167, ""(0, 8, 0)"": 0.333, ""(9, 1, 4)"": 0.167, ""(9, 3, 1)"": 0.333}","[""GLD_lr"", ""UUP_lr"", ""USO_lr"", ""VIX_ld"", ""OVX"", ""MOVE_d"", ""T10Y2Y_d"", ""BAA10Y_d"", ""DGS10_d"", ""USEPUINDXD_ld""]",causal_tau_1_0.8_tau_2_0.72_lb_6,rf
78,2023-06-08,2025-06-11,18,False,False,True,1,0.4774,0.4667,"[0, 1, 0, 2, 0, 1, 0, 2, 2, 1, 2, 2, 2, 1, 2, 2, 0, 1, 2, 1, 0]","[2, 2, 0, 0, 0, 2, 2, 1, 2, 1, 1, 0, 2, 1, 1, 2, 1, 0, 2, 1, 0]","{""class_weight"": ""balanced"", ""max_depth"": 10, ""max_features"": ""sqrt"", ""min_samples_leaf"": 1, ""min_samples_split"": 2, ""n_estimators"": 100}",0.5766,{},"[""GLD_lr"", ""UUP_lr"", ""USO_lr"", ""VIX_ld"", ""OVX"", ""MOVE_d"", ""T10Y2Y_d"", ""BAA10Y_d"", ""DGS10_d"", ""USEPUINDXD_ld""]",causal_tau_1_0.8_tau_2_0.72_lb_6,rf
79,2023-07-11,2025-07-14,16,False,True,True,2,0.3792,0.5833,"[1, 0, 1, 2, 1, 1, 1, 2, 1, 2, 1, 0, 1, 0, 0, 2, 0, 2, 1, 2, 0]","[0, 0, 1, 2, 2, 2, 2, 2, 0, 0, 0, 0, 0, 1, 0, 1, 1, 2, 2, 1, 0]","{""class_weight"": ""balanced"", ""max_depth"": 10, ""max_features"": ""sqrt"", ""min_samples_leaf"": 1, ""min_samples_split"": 2, ""n_estimators"": 100}",0.5676,{},"[""GLD_lr"", ""UUP_lr"", ""USO_lr"", ""VIX_ld"", ""OVX"", ""MOVE_d"", ""T10Y2Y_d"", ""BAA10Y_d"", ""DGS10_d"", ""USEPUINDXD_ld""]",causal_tau_1_0.8_tau_2_0.72_lb_6,rf
80,2023-08-09,2025-08-12,16,False,False,False,3,0.4627,0.5385,"[2, 1, 1, 0, 1, 0, 0, 0, 2, 0, 2, 1, 1, 0, 0, 2, 2, 0, 1, 1, 1]","[2, 1, 0, 1, 1, 0, 1, 0, 2, 0, 1, 0, 2, 0, 0, 1, 0, 2, 1, 0, 2]","{""class_weight"": ""balanced"", ""max_depth"": 10, ""max_features"": ""sqrt"", ""min_samples_leaf"": 1, ""min_samples_split"": 2, ""n_estimators"": 100}",0.6183,{},"[""GLD_lr"", ""UUP_lr"", ""USO_lr"", ""VIX_ld"", ""OVX"", ""MOVE_d"", ""T10Y2Y_d"", ""BAA10Y_d"", ""DGS10_d"", ""USEPUINDXD_ld""]",causal_tau_1_0.8_tau_2_0.72_lb_6,rf
81,2023-09-08,2025-09-11,17,True,True,False,0,0.5239,0.5,"[2, 1, 2, 1, 1, 2, 2, 2, 0, 0, 0, 2, 1, 1, 1, 1, 1, 1, 0, 2, 0]","[2, 1, 1, 1, 1, 2, 0, 1, 1, 0, 1, 1, 1, 0, 2, 0, 1, 0, 0, 2, 0]","{""class_weight"": ""balanced"", ""max_depth"": 10, ""max_features"": ""sqrt"", ""min_samples_leaf"": 1, ""min_samples_split"": 2, ""n_estimators"": 200}",0.5968,"{""(9, 1, 1)"": 0.167, ""(0, 1, 0)"": 0.167, ""(3, 5, 0)"": 0.5, ""(0, 10, 2)"": 0.167, ""(3, 9, 0)"": 0.5, ""(6, 3, 1)"": 0.167, ""(10, 7, 1)"": 0.167, ""(0, 8, 1)"": 0.167, ""(5, 5, 2)"": 0.167, ""(0, 2, 0)"": 0.167, ""(1, 9, 0)"": 0.167, ""(9, 7, 3)"": 0.167, ""(10, 2, 4)"": 0.167, ""(0, 8, 0)"": 0.667, ""(6, 7, 0)"": 0.167, ""(9, 3, 1)"": 0.167}","[""GLD_lr"", ""UUP_lr"", ""USO_lr"", ""VIX_ld"", ""OVX"", ""MOVE_d"", ""T10Y2Y_d"", ""BAA10Y_d"", ""DGS10_d"", ""USEPUINDXD_ld""]",causal_tau_1_0.8_tau_2_0.72_lb_6,rf
82,2023-10-09,2025-10-10,21,False,False,True,1,0.5721,0.6923,"[0, 2, 1, 2, 0, 2, 2, 1, 0, 2, 2, 2, 1, 1, 0, 1, 1, 0, 1, 0, 1]","[0, 0, 1, 2, 0, 2, 0, 0, 0, 0, 2, 2, 1, 2, 0, 0, 1, 0, 0, 2, 0]","{""class_weight"": ""balanced"", ""max_depth"": 10, ""max_features"": ""sqrt"", ""min_samples_leaf"": 1, ""min_samples_split"": 2, ""n_estimators"": 200}",0.7222,{},"[""GLD_lr"", ""UUP_lr"", ""USO_lr"", ""VIX_ld"", ""OVX"", ""MOVE_d"", ""T10Y2Y_d"", ""BAA10Y_d"", ""DGS10_d"", ""USEPUINDXD_ld""]",causal_tau_1_0.8_tau_2_0.72_lb_6,rf
83,2023-11-07,2025-11-10,22,False,True,True,2,0.3843,0.4167,"[2, 1, 1, 0, 1, 0, 0, 1, 0, 2, 2, 2, 2, 2, 0, 1, 1, 1, 1, 0, 1]","[0, 0, 0, 0, 0, 0, 0, 0, 2, 0, 0, 2, 1, 2, 1, 1, 2, 0, 1, 1, 1]",null,0.6322,{},"[""BAA10Y_d""]",causal_tau_1_0.8_tau_2_0.72_lb_6,rf
